English,Marathi
the,द
be,बीई
and,आणि
of,च्या
a,अ
in,मध्ये
to,टू
have,आहे
to,टू
it,ते
I,मी
that,ते
for,च्या साठी
you,आपण
he,तो
with,सह
on,चालू
do,करा
s,एस
say,म्हणा
they,ते
this,हे
but,परंतु
at,#VALUE!
we,आम्ही
his,त्याचा
from,पासून
that,ते
not,नाही
n't,नाही
by,द्वारा
or,#VALUE!
she,ती
as,म्हणून
what,काय
go,जा
their,त्यांचे
will,विल
who,#VALUE!
can,करू शकता
get,मिळवा
if,तर
all,सर्व
would,असे
her,ती
make,बनवा
about,बद्दल
my,माझे
know,माहित आहे
as,म्हणून
there,तेथे
one,एक
up,वर
time,वेळ
year,वर्ष
so,तर
think,विचार करा
see,पहा
which,#VALUE!
when,कधी
some,काही
them,त्यांना
people,लोक
take,घ्या
me,मी
out,बाहेर
into,मध्ये
just,फक्त
him,त्याला
come,या
your,तुझे
now,आता
could,करू शकले
than,पेक्षा पेक्षा
like,आवडले
other,इतर
then,मग
how,कसे
its,त्याचे
two,दोन
our,आमची
more,अधिक
these,या
want,पाहिजे
way,मार्ग
no,नाही
look,दिसत
first,#VALUE!
also,तसेच
new,नवीन
because,कारण
day,दिवस
more,अधिक
use,वापर
man,माणूस
here,येथे
find,शोधणे
give,द्या
thing,गोष्ट
well,बरं
many,अनेक
only,फक्त
those,ते
tell,सांगा
very,खूप
one,एक
even,सम
her,ती
back,मागे
any,कोणतीही
good,चांगले
us,आम्हाला
through,माध्यमातून
woman,स्त्री
life,जीवन
child,मूल
there,तेथे
down,खाली
work,काम
after,#VALUE!
call,कॉल
may,मे
world,जग
over,ओव्हर
should,पाहिजे
still,अजूनही
try,प्रयत्न
in,मध्ये
school,शाळा
as,म्हणून
last,शेवटचे
ask,विचारा
too,#VALUE!
need,#VALUE!
three,तीन
feel,वाटते
when,कधी
become,व्हा
state,राज्य
never,कधीही नाही
between,यांच्यातील
high,उच्च
something,काहीतरी
really,खरोखर
most,सर्वाधिक
another,दुसरा
much,खूप
own,स्वत: चे
family,कुटुंब
out,बाहेर
house,घर
leave,सोडा
put,घाला
old,जुन्या
on,चालू
while,असताना
mean,म्हणजे
let,चला
why,का
president,अध्यक्ष
keep,ठेवा
same,त्याच
great,छान
begin,सुरू
big,मोठे
seem,दिसते
group,गट
country,देश
talk,चर्चा
problem,समस्या
where,कुठे
turn,वळण
student,विद्यार्थी
every,प्रत्येक
hand,हात
help,मदत
against,विरुद्ध
start,प्रारंभ करा
American,अमेरिकन
part,#VALUE!
show,दर्शवा
about,बद्दल
over,ओव्हर
might,कदाचित
such,अशी
place,ठिकाण
again,पुन्हा
city,शहर
case,केस
most,सर्वाधिक
few,काही
system,प्रणाली
week,आठवडा
where,कुठे
company,कंपनी
each,प्रत्येक
percent,टक्केवारी
hear,ऐका
so,तर
during,दरम्यान
question,प्रश्न
right,बरोबर
program,कार्यक्रम
work,काम
run,धाव
number,क्रमांक
small,लहान
government,शासन
play,#VALUE!
off,बंद
move,हलवा
like,आवडले
always,नेहमी
night,रात्री
believe,विश्वास ठेवा
today,आज
hold,धरून ठेवा
point,पॉईंट
live,राहतात
happen,घडणे
bring,आणा
next,पुढे
without,शिवाय
before,आधी
large,मोठा
must,#VALUE!
all,सर्व
war,युद्ध
home,मुख्यपृष्ठ
under,खाली
room,खोली
fact,खरं
area,क्षेत्र
national,राष्ट्रीय
write,लिहा
money,पैसा
right,बरोबर
story,कथा
water,पाणी
mother,आई
different,भिन्न
young,तरुण
month,महिना
lot,लॉट
book,पुस्तक
eye,डोळा
study,अभ्यास
job,नोकरी
kind,प्रकार
word,शब्द
issue,मुद्दा
side,बाजू
four,चार
business,व्यवसाय
though,तरी
head,डोके
far,खूप दूर
long,लांब
black,काळा
million,दशलक्ष
both,दोन्ही
little,थोडे
yes,होय
after,#VALUE!
since,तेव्हापासून
around,आजूबाजूला
long,लांब
provide,प्रदान
service,सेवा
important,महत्वाचे
sit,बसा
away,लांब
friend,मित्र
however,तथापि
power,शक्ती
no,नाही
yet,अद्याप
father,वडील
hour,तास
often,अनेकदा
until,पर्यंत
political,राजकीय
line,ओळ
end,शेवट
stand,उभे रहा
among,#VALUE!
game,खेळ
ever,कधीही
lose,हरवा
bad,वाईट
member,सदस्य
meet,भेटा
pay,वेतन
law,कायदा
almost,जवळजवळ
car,गाडी
later,नंतर
much,खूप
name,नाव
include,समाविष्ट करा
five,पाच
center,मध्य
once,एकदा
university,विद्यापीठ
continue,सुरू
least,किमान
real,वास्तविक
white,पांढरा
change,#VALUE!
set,सेट
several,अनेक
ago,आधी
information,माहिती
nothing,काहीही नाही
community,समुदाय
best,सर्वोत्कृष्ट
right,बरोबर
idea,कल्पना
lead,आघाडी
body,शरीर
learn,जाणून घ्या
kid,मुल
minute,मिनिट
table,टेबल
whether,#VALUE!
understand,समजून घ्या
team,संघ
back,मागे
watch,पहा
together,एकत्र
follow,अनुसरण करा
around,आजूबाजूला
only,फक्त
stop,थांबवा
face,चेहरा
anything,काहीही
public,सार्वजनिक
social,सामाजिक
already,आधीच
parent,पालक
speak,बोला
create,तयार करा
office,कार्यालय
allow,परवानगी द्या
level,स्तर
read,वाचा
spend,खर्च करा
person,व्यक्ती
door,दरवाजा
sure,नक्की
add,जोडा
street,रस्ता
such,अशी
history,इतिहास
party,पार्टी
grow,वाढवा
reason,कारण
morning,सकाळी
open,उघडा
within,आत
change,#VALUE!
although,तरी
walk,चाला
news,बातम्या
health,आरोग्य
court,कोर्ट
force,शक्ती
early,लवकर
himself,स्वत: ला
air,#VALUE!
low,निम्न
before,आधी
art,कला
result,परिणाम
moment,क्षण
offer,ऑफर
both,दोन्ही
remember,लक्षात ठेवा
research,संशोधन
enough,पुरेसा
girl,मुलगी
boy,मुलगा
win,विजय
food,अन्न
across,ओलांडून
guy,माणूस
second,दुसरा
able,सक्षम
toward,दिशेने
maybe,कदाचित
process,प्रक्रिया
off,बंद
everything,सर्वकाही
appear,दिसू
age,वय
policy,धोरण
consider,विचार करा
including,यासह
probably,कदाचित
education,शिक्षण
love,प्रेम
actually,प्रत्यक्षात
buy,खरेदी
wait,प्रतीक्षा करा
die,मरणे
human,मानवी
send,पाठवा
fee,फी
expect,अपेक्षा
serve,सर्व्ह करा
sense,सेन्स
teacher,शिक्षक
home,मुख्यपृष्ठ
market,बाजार
stay,रहा
build,बांधा
nation,राष्ट्र
fall,गडी बाद होण्याचा क्रम
oh,अरे
death,मृत्यू
plan,योजना
interest,व्याज
someone,कोणीतरी
experience,अनुभव
cut,कट
kill,मार
behind,मागे
reach,#VALUE!
six,सहा
local,स्थानिक
remain,रहा
effect,प्रभाव
suggest,सूचित
use,वापर
control,नियंत्रण
perhaps,कदाचित
raise,वाढवा
class,वर्ग
late,उशीरा
little,थोडे
major,प्रमुख
yeah,होय
else,अन्यथा
pass,पास
photo,छायाचित्र
sell,विक्री करा
themselves,स्वत: ला
field,फील्ड
college,कॉलेज
sometimes,कधीकधी
former,माजी
development,विकास
require,आवश्यक
along,सोबत
decide,निर्णय घ्या
security,सुरक्षा
up,वर
possible,शक्य
effort,प्रयत्न
role,भूमिका
better,चांगले
rate,दर
strong,मजबूत
music,संगीत
report,अहवाल
leader,नेता
light,प्रकाश
whole,संपूर्ण
voice,आवाज
color,रंग
heart,#VALUE!
care,काळजी
police,पोलिस
economic,अर्थिक
wife,#VALUE!
show,दर्शवा
mind,मन
report,अहवाल
finally,शेवटी
drug,औषध
less,कमी
return,#VALUE!
according,त्यानुसार
pull,खेचा
decision,निर्णय
explain,स्पष्ट करणे
carry,कॅरी
develop,#VALUE!
view,दृश्य
free,फुकट
hope,आशा
even,सम
drive,चालवा
son,मुलगा
arm,हात
department,विभाग
TRUE,खरे
price,किंमत
military,सैन्य
federal,फेडरल
break,#VALUE!
action,क्रिया
value,मूल्य
thank,धन्यवाद
relationship,नाते
town,शहर
better,चांगले
building,इमारत
receive,प्राप्त करा
society,समाज
difference,फरक
church,चर्च
full,पूर्ण
join,सामील व्हा
road,रस्ता
because,कारण
international,आंतरराष्ट्रीय
model,मॉडेल
position,स्थिती
tax,कर
director,दिग्दर्शक
early,लवकर
agree,#VALUE!
matter,बाब
especially,विशेषतः
form,फॉर्म
record,विक्रम
special,विशेष
ground,ग्राउंड
whose,ज्याच्या
hard,कठीण
pick,निवडा
paper,कागद
official,अधिकृत
season,हंगाम
wear,#VALUE!
event,कार्यक्रम
support,समर्थन
space,जागा
player,प्लेअर
everyone,प्रत्येकजण
couple,जोडी
end,शेवट
base,पाया
project,प्रकल्प
produce,उत्पादन
site,जागा
situation,परिस्थिती
hit,दाबा
industry,उद्योग
half,अर्धा
activity,क्रियाकलाप
American,अमेरिकन
eat,खा
itself,स्वतः
need,#VALUE!
figure,आकृती
cost,किंमत
easy,सुलभ
quite,#VALUE!
face,चेहरा
picture,चित्र
clear,स्पष्ट
cover,कव्हर
describe,वर्णन करणे
image,प्रतिमा
teach,शिकवा
wall,भिंत
doctor,डॉक्टर
recent,अलीकडील
product,#VALUE!
data,डेटा
practice,सराव
phone,फोन
piece,तुकडा
certain,काही
either,एकतर
oil,तेल
simply,फक्त
test,चाचणी
personal,वैयक्तिक
star,तारा
land,#VALUE!
third,तिसऱ्या
general,सामान्य
computer,#VALUE!
movie,चित्रपट
worker,कामगार
open,उघडा
catch,झेल
type,#VALUE!
support,समर्थन
north,उत्तर
love,प्रेम
step,पाऊल
attention,लक्ष
technology,तंत्रज्ञान
organization,संस्था
baby,बाळ
source,स्त्रोत
draw,काढा
cause,कारण
tree,झाड
film,चित्रपट
choose,निवडा
evidence,पुरावा
Republican,रिपब्लिकन
difficult,कठीण
century,शतक
nearly,जवळजवळ
red,लाल
look,दिसत
point,पॉईंट
window,विंडो
park,पार्क
period,कालावधी
culture,संस्कृती
hair,केस
listen,ऐका
chance,संधी
less,कमी
available,उपलब्ध
brother,भाऊ
summer,उन्हाळा
realize,लक्षात घ्या
private,खाजगी
no,नाही
science,विज्ञान
letter,पत्र
congress,कॉंग्रेस
condition,परिस्थिती
short,लहान
likely,शक्यता
opportunity,संधी
rule,नियम
choice,निवड
single,एकल
place,ठिकाण
patient,#VALUE!
floor,मजला
term,मुदत
material,साहित्य
mile,मैल
administration,प्रशासन
well,बरं
course,कोर्स
defense,संरक्षण
plant,वनस्पती
energy,ऊर्जा
campaign,#VALUE!
population,लोकसंख्या
fire,आग
close,बंद
daughter,मुलगी
involve,सामील करा
husband,#VALUE!
wrong,चुकीचे
certainly,नक्कीच
increase,वाढवा
future,भविष्य
south,दक्षिण
medical,वैद्यकीय
call,कॉल
board,बोर्ड
anyone,कोणीही
deal,करार
hospital,हॉस्पिटल
rest,उर्वरित
seek,शोधा
myself,मी स्वत:
county,काउन्टी
fight,लढा
subject,विषय
risk,जोखीम
order,ऑर्डर
west,पश्चिम
economy,अर्थव्यवस्था
quickly,पटकन
throw,थ्रो
bed,बेड
officer,अधिकारी
represent,प्रतिनिधित्व करा
soon,लवकरच
top,शीर्ष
fill,भरा
author,लेखक
past,भूतकाळ
upon,वर
goal,ध्येय
behavior,वर्तन
drop,थेंब
nature,निसर्ग
agency,एजन्सी
plan,योजना
recently,#VALUE!
second,दुसरा
store,स्टोअर
foreign,परदेशी
current,चालू
performance,कामगिरी
bank,बँक
sound,आवाज
push,पुश
focus,फोकस
reduce,कमी करा
note,टीप
before,आधी
fine,छान
near,जवळ
than,पेक्षा पेक्षा
movement,#VALUE!
common,सामान्य
other,इतर
billion,अब्ज
blood,#VALUE!
page,पृष्ठ
concern,चिंता
poor,गरीब
enter,प्रविष्ट करा
share,वाटा
each,प्रत्येक
series,मालिका
usually,#VALUE!
natural,नैसर्गिक
hot,गरम
race,शर्यत
language,इंग्रजी
river,नदी
dead,मृत
act,कायदा
significant,महत्त्वपूर्ण
no,नाही
response,प्रतिसाद
rise,उदय
decade,दशक
article,लेख
thus,अशा प्रकारे
seven,सात
shoot,शूट
east,पूर्व
animal,प्राणी
away,लांब
similar,तत्सम
save,जतन करा
factor,घटक
central,मध्य
occur,उद्भवते
committee,समिती
serious,गंभीर
sport,खेळ
lie,खोटे बोलणे
beyond,पलीकडे
exactly,नक्की
despite,असूनही
happy,आनंदी
eight,आठ
protect,संरक्षण
list,यादी
size,आकार
quality,गुणवत्ता
pressure,दबाव
accept,स्वीकारा
ready,#VALUE!
approach,संपर्क साधा
sign,साइन
attack,हल्ला
individual,वैयक्तिक
career,करिअर
answer,उत्तर
dog,कुत्रा
media,मीडिया
thought,विचार
whatever,जे काही
determine,निश्चित करा
television,टेलिव्हिजन
meeting,बैठक
scene,देखावा
success,यश
prepare,तयार करा
identify,ओळखा
press,दाबा
particularly,विशेषतः
resource,संसाधन
amount,रक्कम
argue,वाद
recognize,ओळखा
treatment,उपचार
left,डावे
degree,पदवी
stock,साठा
indicate,दर्शवा
growth,वाढ
simple,सोपे
ability,#VALUE!
dollar,डॉलर
union,युनियन
disease,आजार
everybody,प्रत्येकजण
wonder,आश्चर्य
election,निवडणूक
loss,तोटा
box,बॉक्स
deal,करार
herself,स्वत: ला
fund,निधी
miss,मिस
pretty,सुंदर
region,प्रदेश
feeling,भावना
lay,ले
training,प्रशिक्षण
message,संदेश
arrive,आगमन
standard,मानक
outside,#VALUE!
fail,अपयशी
trade,व्यापार
staff,कर्मचारी
benefit,फायदा
character,वर्ण
army,सैन्य
association,असोसिएशन
operation,ऑपरेशन
present,#VALUE!
crime,गुन्हा
name,नाव
cup,कप
island,बेट
analysis,#VALUE!
check,तपासा
answer,उत्तर
photograph,फोटो
glass,काच
forward,#VALUE!
authority,अधिकार
earth,पृथ्वी
stage,स्टेज
one,एक
act,कायदा
sort,क्रमवारी
station,स्टेशन
clearly,स्पष्टपणे
little,थोडे
compare,तुलना करा
indeed,खरंच
public,सार्वजनिक
knowledge,ज्ञान
state,राज्य
blue,निळा
example,उदाहरण
strategy,रणनीती
mountain,डोंगर
guess,अंदाज
sister,बहीण
force,शक्ती
gun,बंदूक
various,विविध
laugh,हसणे
environment,वातावरण
design,डिझाइन
sun,सूर्य
lawyer,वकील
sex,लिंग
rather,त्याऐवजी
artist,कलाकार
club,क्लब
prove,सिद्ध करा
section,विभाग
skill,कौशल्य
truth,सत्य
set,सेट
ok,ठीक आहे
manager,#VALUE!
executive,कार्यकारी
district,जिल्हा
claim,हक्क
forget,विसरा
hang,फाशी देणे
entire,संपूर्ण
leg,पाय
enough,पुरेसा
design,डिझाइन
close,बंद
study,अभ्यास
since,तेव्हापासून
environmental,पर्यावरणविषयक
establish,स्थापना
democratic,लोकशाही
remove,काढा
main,मुख्य
professor,प्राध्यापक
financial,आर्थिक
enjoy,आनंद घ्या
network,नेटवर्क
sound,आवाज
discuss,चर्चा
form,फॉर्म
final,अंतिम
trial,चाचणी
legal,कायदेशीर
help,मदत
cold,थंड
above,वरील
rock,रॉक
that,ते
seat,सीट
weapon,शस्त्र
song,गाणे
expert,तज्ञ
radio,रेडिओ
nice,छान
avoid,#VALUE!
memory,मेमरी
management,व्यवस्थापन
charge,शुल्क
spring,#VALUE!
card,कार्ड
maintain,देखभाल
theory,सिद्धांत
care,काळजी
visit,भेट
imagine,कल्पना करा
finish,समाप्त
statement,विधान
firm,टणक
huge,प्रचंड
respond,प्रतिसाद द्या
popular,लोकप्रिय
hard,कठीण
physical,शारीरिक
talk,चर्चा
traditional,पारंपारिक
contain,समाविष्ट करा
peace,शांतता
green,हिरवा
thanks,धन्यवाद
control,नियंत्रण
Democrat,डेमोक्रॅट
base,पाया
impact,प्रभाव
structure,रचना
tonight,आज रात्री
note,टीप
direction,दिशा
fly,उड्डाण करा
onto,वर
king,राजा
reveal,प्रकट
cell,सेल
religious,धार्मिक
ball,बॉल
particular,विशेष
employee,कर्मचारी
head,डोके
suddenly,अचानक
apply,अर्ज करा
shake,शेक
cultural,सांस्कृतिक
chair,खुर्ची
PM,पंतप्रधान
justice,न्याय
discover,शोधा
measure,उपाय
politics,राजकारण
manage,व्यवस्थापित करा
treat,उपचार
yourself,तू स्वतः
pain,वेदना
evening,संध्याकाळ
rather,त्याऐवजी
unit,युनिट
affect,प्रभावित
play,#VALUE!
production,उत्पादन
bit,बिट
inside,आत
far,खूप दूर
range,#VALUE!
top,शीर्ष
worry,काळजी
perform,सादर करा
necessary,आवश्यक
conference,परिषद
individual,वैयक्तिक
candidate,उमेदवार
museum,संग्रहालय
specific,विशिष्ट
best,सर्वोत्कृष्ट
throughout,संपूर्ण
hall,हॉल
past,भूतकाळ
fish,मासे
trip,सहल
mention,उल्लेख
edge,धार
trouble,समस्या
interview,मुलाखत
style,शैली
middle,मध्य
cause,कारण
ten,दहा
weight,वजन
adult,#VALUE!
dream,स्वप्न
fear,भीती
dark,गडद
sign,साइन
method,पद्धत
somebody,कुणीतरी
magazine,मासिक
reflect,प्रतिबिंबित करा
heavy,भारी
soldier,सैनिक
property,मालमत्ता
beautiful,सुंदर
writer,लेखक
stuff,सामग्री
camera,कॅमेरा
improve,सुधारित करा
shoulder,खांदा
bar,बार
hotel,हॉटेल
instead,त्याऐवजी
hill,हिल
exist,अस्तित्वात आहे
sea,#VALUE!
institution,संस्था
purpose,हेतू
pattern,नमुना
detail,#VALUE!
machine,मशीन
challenge,आव्हान
owner,मालक
agent,एजंट
tough,#VALUE!
ahead,पुढे
generation,पिढी
commercial,व्यावसायिक
whom,ज्या
fall,गडी बाद होण्याचा क्रम
down,खाली
surface,#VALUE!
budget,अर्थसंकल्प
senator,सिनेटचा सदस्य
bag,पिशवी
reality,वास्तविकता
editor,संपादक
tend,प्रवृत्ती
address,पत्ता
civil,#VALUE!
step,पाऊल
discussion,चर्चा
test,चाचणी
mom,आई
violence,हिंसा
total,एकूण
skin,त्वचा
heat,उष्णता
council,परिषद
notice,सूचना
beat,बीट
nor,किंवा नाही
modern,आधुनिक
vote,मत द्या
sing,गा
cancer,#VALUE!
finger,बोट
lake,लेक
wish,शुभेच्छा
marriage,विवाह
victim,बळी
task,कार्य
yard,आवार
kitchen,#VALUE!
item,आयटम
responsibility,जबाबदारी
mouth,तोंड
agreement,करार
attorney,मुखत्यार
capital,भांडवल
threat,धोका
smile,स्मित
gas,गॅस
instead,त्याऐवजी
positive,सकारात्मक
track,ट्रॅक
investment,गुंतवणूक
account,खाते
break,#VALUE!
rich,श्रीमंत
citizen,नागरिक
audience,प्रेक्षक
lady,बाई
dinner,रात्रीचे जेवण
western,पाश्चात्य
debate,वादविवाद
consumer,ग्राहक
majority,बहुसंख्य
interesting,मनोरंजक
prevent,प्रतिबंध करा
travel,प्रवास
born,जन्म
relate,संबंधित
assume,समजा
none,काहीही नाही
admit,कबूल करा
front,#VALUE!
figure,आकृती
coach,प्रशिक्षक
partner,भागीदार
shot,शॉट
scientist,वैज्ञानिक
senior,वरिष्ठ
suffer,दु: ख
alone,एकटा
collection,संग्रह
successful,#VALUE!
speech,भाषण
eventually,#VALUE!
key,की
mission,मिशन
score,स्कोअर
newspaper,वृत्तपत्र
wind,वारा
reform,सुधारणा
concerned,संबंधित
professional,व्यावसायिक
relation,संबंध
troops,सैनिक
garden,बाग
access,प्रवेश
publish,प्रकाशित
recall,आठवते
Soviet,सोव्हिएत
cost,किंमत
southern,दक्षिणेकडील
senate,#VALUE!
opinion,मत
option,पर्याय
judge,न्यायाधीश
original,मूळ
customer,ग्राहक
critical,गंभीर
corner,कोपरा
basic,मूलभूत
income,उत्पन्न
directly,थेट
own,स्वत: चे
release,सोडणे
restaurant,उपहारगृह
neighborhood,शेजार
effective,प्रभावी
labor,श्रम
nobody,कोणीही नाही
stare,टक लावून पहा
immediately,लगेच
achieve,साध्य करा
forest,वन
dad,बाबा
hurt,दुखापत
video,व्हिडिओ
strike,संप
safety,सुरक्षा
absolutely,पूर्णपणे
therefore,म्हणून
freedom,स्वातंत्र्य
version,आवृत्ती
like,आवडले
plane,विमान
attitude,वृत्ती
sexual,लैंगिक
refer,संदर्भ
fresh,ताजे
involved,सहभागी
powerful,#VALUE!
bird,पक्षी
touch,स्पर्श
variety,विविधता
deep,खोल
text,मजकूर
wide,रुंद
credit,पत
nine,नऊ
sleep,झोप
investigation,तपास
hope,आशा
announce,घोषित करा
by,द्वारा
completely,#VALUE!
vote,मत द्या
conduct,आचरण
conflict,संघर्ष
replace,पुनर्स्थित करा
attend,उपस्थित रहा
participant,सहभागी
argument,युक्तिवाद
object,ऑब्जेक्ट
please,कृपया
nuclear,अणु
sky,आकाश
along,सोबत
afternoon,दुपारी
hundred,शंभर
encourage,प्रोत्साहित करा
perfect,परिपूर्ण
possibility,शक्यता
turn,वळण
British,ब्रिटिश
once,एकदा
examine,परीक्षण
conversation,संभाषण
generally,साधारणपणे
beginning,सुरुवात
secretary,सचिव
experience,अनुभव
beach,समुद्रकिनारा
safe,सुरक्षित
spirit,आत्मा
weekend,शनिवार व रविवार
date,तारीख
define,परिभाषित
feature,वैशिष्ट्य
global,जागतिक
very,खूप
element,#VALUE!
attempt,प्रयत्न
slowly,हळू हळू
governor,राज्यपाल
through,माध्यमातून
concept,संकल्पना
sorry,क्षमस्व
easily,सहज
battle,लढाई
league,लीग
camp,कॅम्प
introduce,परिचय
status,स्थिती
insurance,विमा
complete,पूर्ण
stick,काठी
solution,उपाय
web,वेब
vision,#VALUE!
stone,दगड
lack,कमतरता
driver,ड्रायव्हर
normal,सामान्य
truck,ट्रक
minister,मंत्री
handle,हँडल
hole,छिद्र
front,#VALUE!
fan,चाहता
spot,स्पॉट
crisis,संकट
supposed,मानले
refuse,नकार द्या
drink,पेय
researcher,संशोधक
tradition,परंपरा
communication,संप्रेषण
distance,अंतर
ship,जहाज
gain,मिळवा
express,व्यक्त
independent,स्वतंत्र
ice,बर्फ
scale,स्केल
brain,मेंदू
winter,हिवाळा
commission,#VALUE!
wood,लाकूड
increase,वाढवा
return,#VALUE!
division,विभागणी
species,प्रजाती
AM,आहे
roll,रोल
hide,लपवा
middle,मध्य
client,ग्राहक
resident,रहिवासी
contract,करार
gold,सोने
future,भविष्य
potential,संभाव्य
presence,उपस्थिती
institute,#VALUE!
screen,स्क्रीन
run,धाव
Chinese,चीनी
horse,घोडा
European,युरोपियन
target,लक्ष्य
willing,इच्छुक
survey,#VALUE!
interested,स्वारस्य
chief,प्रमुख
crowd,गर्दी
prison,कारागृह
terms,अटी
obviously,स्पष्टपणे
basis,आधार
apartment,अपार्टमेंट
farm,शेती
flight,उड्डाण
shape,आकार
demand,मागणी
strength,सामर्थ्य
village,गाव
operate,ऑपरेट करा
reporter,रिपोर्टर
share,वाटा
guard,रक्षक
observe,निरीक्षण करा
deliver,वितरित
count,गणना
inside,आत
advantage,फायदा
wild,वन्य
previous,मागील
average,सरासरी
emerge,उदय
contribute,योगदान द्या
leadership,नेतृत्व
boat,#VALUE!
facility,सुविधा
present,#VALUE!
earn,कमवा
highly,उच्च
vehicle,वाहन
pound,पाउंड
tiny,#VALUE!
understanding,समजूतदारपणा
settle,सेटल करा
unless,जोपर्यंत
tomorrow,उद्या
foundation,पाया
quick,द्रुत
block,ब्लॉक
light,प्रकाश
reader,वाचक
collect,गोळा करा
guest,अतिथी
living,जिवंत
tool,साधन
protection,संरक्षण
fair,योग्य
additional,अतिरिक्त
promote,प्रचार
equipment,उपकरणे
mostly,मुख्यतः
order,ऑर्डर
painting,चित्रकला
feed,अन्न देणे
principle,#VALUE!
bowl,वाटी
claim,हक्क
technique,#VALUE!
limit,मर्यादा
identity,ओळख
title,शीर्षक
critic,समीक्षक
survive,टिकून रहा
cry,#VALUE!
border,सीमा
lift,लिफ्ट
path,पथ
aspect,पैलू
marry,लग्न करा
shop,दुकान
failure,अयशस्वी
ride,राइड
responsible,जबाबदार
gather,गोळा करा
jump,उडी
sample,नमुना
affair,प्रकरण
result,परिणाम
worth,किमतीची
fit,फिट
chairman,अध्यक्ष
until,पर्यंत
lesson,धडा
Christmas,ख्रिसमस
insist,आग्रह धरा
anybody,कोणीही
folk,#VALUE!
band,बँड
ear,कान
procedure,प्रक्रिया
associate,सहयोगी
inch,इंच
warm,उबदार
African,आफ्रिकन
French,फ्रेंच
baseball,बेसबॉल
demonstrate,प्रात्यक्षिक
foot,पाय
Christian,ख्रिश्चन
approach,संपर्क साधा
competition,स्पर्धा
measure,उपाय
afraid,घाबरून
spread,#VALUE!
ignore,दुर्लक्ष करा
soft,मऊ
annual,वार्षिक
wonderful,आश्चर्यकारक
threaten,धमकी
commit,वचनबद्ध
deny,नाकार
intelligence,बुद्धिमत्ता
regular,नियमित
influence,प्रभाव
general,सामान्य
past,भूतकाळ
reaction,प्रतिक्रिया
cross,फुली
master,मास्टर
suit,खटला
blow,फटका
destroy,नष्ट करा
gift,भेट
coffee,कॉफी
anyway,असो
belief,विश्वास
comment,टिप्पणी
apparently,वरवर पाहता
twice,दोनदा
background,पार्श्वभूमी
quarter,तिमाहीत
review,पुनरावलोकन
faith,विश्वास
move,हलवा
speed,वेग
engage,व्यस्त
broad,व्यापक
perspective,दृष्टीकोन
slightly,किंचित
growing,वाढत आहे
view,दृश्य
function,कार्य
construction,बांधकाम
egg,अंडे
charge,शुल्क
wave,वेव्ह
female,#VALUE!
murder,खून
tape,टेप
burn,बर्न
means,#VALUE!
aware,जाणीव
mistake,चूक
quiet,शांत
connection,कनेक्शन
shoe,बूट
clothes,कपडे
promise,वचन
religion,धर्म
complete,पूर्ण
united,युनायटेड
context,संदर्भ
active,सक्रिय
focus,फोकस
youth,तरुण
location,स्थान
neighbor,शेजारी
dress,ड्रेस
Internet,इंटरनेट
category,वर्ग
dangerous,धोकादायक
extend,वाढवणे
combine,एकत्र
demand,मागणी
coast,किनारपट्टी
relatively,तुलनेने
smile,स्मित
bus,बस
hey,अहो
chief,प्रमुख
following,खालील
depend,अवलंबून
key,की
hell,नरक
visit,भेट
bone,हाड
cook,कूक
fire,आग
direct,थेट
native,मुळ
cool,मस्त
cut,कट
remind,स्मरणपत्र
historical,ऐतिहासिक
moral,नैतिक
voter,मतदार
appropriate,#VALUE!
famous,प्रसिद्ध
hire,भाड्याने द्या
victory,विजय
contact,संपर्क
fully,पूर्णपणे
negative,नकारात्मक
medicine,औषध
participate,सहभागी व्हा
grade,ग्रेड
eastern,पूर्व
supply,पुरवठा
yesterday,काल
familiar,परिचित
democracy,लोकशाही
pair,जोडी
drive,चालवा
healthy,निरोगी
front,#VALUE!
tie,टाय
birth,जन्म
progress,प्रगती
damage,नुकसान
exchange,एक्सचेंज
bottom,तळाशी
daily,दररोज
next,पुढे
document,दस्तऐवज
grand,ग्रँड
journal,जर्नल
knee,गुडघा
primary,प्राथमिक
otherwise,अन्यथा
train,ट्रेन
grab,पकडा
circle,मंडळ
lean,दुबळा
wine,वाइन
minority,अल्पसंख्याक
flower,फ्लॉवर
device,साधन
Iraqi,इराकी
plate,प्लेट
attack,हल्ला
clean,स्वच्छ
alive,जिवंत
actor,अभिनेता
hate,#VALUE!
expression,अभिव्यक्ती
below,खाली
bright,तेजस्वी
press,दाबा
tour,टूर
finding,शोधत आहे
exercise,व्यायाम
plastic,प्लास्टिक
danger,धोका
neck,मान
valley,व्हॅली
academic,शैक्षणिक
start,प्रारंभ करा
application,अर्ज
intend,हेतू
male,नर
tall,उंच
shut,बंद
lots,बरेच
Indian,भारतीय
respect,आदर
colleague,सहकारी
writing,लेखन
rain,पाऊस
fast,वेगवान
football,फुटबॉल
welcome,आपले स्वागत आहे
domestic,घरगुती
pool,तलाव
literature,साहित्य
extra,अतिरिक्त
northern,उत्तर
desire,इच्छा
direct,थेट
fight,लढा
corporate,कॉर्पोरेट
session,सत्र
supreme,सर्वोच्च
studio,स्टुडिओ
Russian,रशियन
nod,नोड
learning,शिकणे
climb,चढणे
importance,महत्त्व
somewhere,कुठेतरी
expand,विस्तृत करा
fourth,चौथा
dry,कोरडे
disappear,अदृश्य
abuse,गैरवर्तन
chicken,कोंबडी
obtain,मिळवा
map,नकाशा
carefully,काळजीपूर्वक
close,बंद
increasingly,#VALUE!
greatest,महान
complex,कॉम्प्लेक्स
metal,धातू
lead,आघाडी
above,वरील
jury,जूरी
sweet,गोड
proposal,प्रस्ताव
impossible,अशक्य
scientific,#VALUE!
ticket,तिकिट
leaf,पान
classroom,वर्ग
surround,सभोवताल
lunch,लंच
alone,एकटा
meaning,अर्थ
injury,इजा
invite,आमंत्रित करा
enemy,शत्रू
repeat,पुन्हा करा
bear,अस्वल
lip,ओठ
mayor,महापौर
award,पुरस्कार
attempt,प्रयत्न
commitment,वचनबद्धता
consequence,परिणाम
instruction,सूचना
surprise,आश्चर्य
poll,मतदान
favorite,आवडते
explore,#VALUE!
predict,अंदाज
adopt,दत्तक
sight,दृष्टी
storm,वादळ
half,अर्धा
assessment,मूल्यांकन
weather,हवामान
pocket,खिसा
aid,मदत
reading,वाचन
thin,पातळ
soul,आत्मा
strange,विचित्र
married,विवाहित
organize,संघटित
conclusion,निष्कर्ष
fuel,इंधन
urban,शहरी
belong,#VALUE!
salt,मीठ
farmer,शेतकरी
straight,सरळ
advice,सल्ला
cover,कव्हर
balance,शिल्लक
temperature,तापमान
empty,रिक्त
conclude,#VALUE!
somehow,कसा तरी
presidential,अध्यक्षीय
limit,मर्यादा
prime,प्राइम
breast,स्तन
desk,डेस्क
record,विक्रम
breath,श्वास
theater,थिएटर
under,खाली
acknowledge,कबूल करा
theme,थीम
fat,चरबी
software,सॉफ्टवेअर
sugar,साखर
educational,शैक्षणिक
thousand,हजार
code,कोड
fear,भीती
connect,कनेक्ट करा
yellow,पिवळा
instrument,साधन
Japanese,जपानी
panel,पॅनेल
library,लायब्ररी
expensive,महाग
emotional,भावनिक
engine,इंजिन
propose,प्रस्ताव
mental,वेडा
difficulty,अडचण
train,ट्रेन
brown,तपकिरी
basically,मूलभूतपणे
last,शेवटचे
average,सरासरी
ring,रिंग
mark,चिन्हांकित करा
locate,शोधून काढणे
search,शोध
largely,मोठ्या प्रमाणात
possibly,शक्यतो
anymore,यापुढे
generate,उत्पन्न करा
regional,प्रादेशिक
obvious,स्पष्ट
angry,राग
analyst,विश्लेषक
accident,अपघात
trend,ट्रेंड
like,आवडले
appearance,देखावा
currently,सध्या
shadow,सावली
being,अस्तित्व
moon,चंद्र
bridge,पूल
but,परंतु
recommend,शिफारस करा
hearing,सुनावणी
fruit,फळ
dance,नृत्य
shift,शिफ्ट
comfortable,आरामदायक
struggle,संघर्ष
revenue,महसूल
notion,कल्पना
okay,ठीक आहे
package,पॅकेज
ought,पाहिजे
traffic,रहदारी
internal,अंतर्गत
prefer,प्राधान्य
crew,क्रू
search,शोध
profit,नफा
regulation,नियमन
link,दुवा
thinking,विचार
hardly,महत्प्रयासाने
airport,विमानतळ
human,मानवी
extremely,अत्यंत
sick,आजारी
capture,कॅप्चर
unique,अद्वितीय
actual,वास्तविक
chest,छाती
meal,जेवण
beauty,#VALUE!
extent,#VALUE!
defend,बचाव
visitor,अभ्यागत
outside,#VALUE!
judge,न्यायाधीश
dozen,डझन
declare,घोषित करा
emergency,आणीबाणी
ad,एडी
truly,खरोखर
planet,ग्रह
select,निवडा
ethnic,जातीय
nose,नाक
loan,कर्ज
cash,रोख
contribution,योगदान
slow,हळू
contrast,कॉन्ट्रास्ट
bottle,बाटली
launch,लॉन्च
novel,कादंबरी
feature,वैशिष्ट्य
duty,कर्तव्य
root,मूळ
content,सामग्री
component,घटक
appreciate,कौतुक
circumstance,परिस्थिती
teaching,शिक्षण
paint,रंग
matter,बाब
thick,जाड
cat,मांजर
neither,नाही
standard,मानक
ourselves,स्वतः
correct,योग्य
warn,चेतावणी द्या
capacity,क्षमता
challenge,आव्हान
convention,अधिवेशन
politician,राजकारणी
pursue,पाठपुरावा
setting,सेटिंग
zone,झोन
dress,ड्रेस
pilot,पायलट
ensure,#VALUE!
ultimately,शेवटी
male,नर
wake,वेक
shirt,शर्ट
influence,प्रभाव
guide,#VALUE!
AIDS,एड्स
mix,मिसळा
slip,स्लिप
steal,चोरी
late,उशीरा
frequently,वारंवार
blame,दोष
sheet,पत्रक
estimate,अंदाज
relief,मदत
combination,संयोजन
investor,गुंतवणूकदार
due,देय
silence,शांतता
manner,पद्धती
muscle,स्नायू
branch,शाखा
chain,साखळी
long,लांब
telephone,टेलिफोन
investigate,चौकशी
German,जर्मन
percentage,टक्केवारी
outcome,परिणाम
estate,इस्टेट
forth,पुढे
stress,ताण
equal,समान
English,इंग्रजी
welfare,कल्याण
typical,ठराविक
crazy,वेडा
except,वगळता
funny,मजेदार
meat,मांस
appeal,अपील
long-term,दीर्घकालीन
official,अधिकृत
eliminate,काढून टाका
used,वापरले
motion,गती
complain,तक्रार
row,पंक्ती
Jewish,#VALUE!
kick,किक
snow,बर्फ
producer,निर्माता
solve,सोडवा
just,फक्त
issue,मुद्दा
opposition,विरोधी
basketball,बास्केटबॉल
rely,विश्वास ठेवा
conservative,पुराणमतवादी
trust,विश्वास
back,मागे
address,पत्ता
mirror,आरसा
tank,टाकी
range,#VALUE!
significantly,लक्षणीय
somewhat,काहीसे
attract,आकर्षित करा
anywhere,कोठेही
regime,शासन
fix,निराकरण
entirely,संपूर्णपणे
afford,परवाना
length,#VALUE!
secret,गुप्त
pleasure,आनंद
file,फाईल
tooth,दात
confirm,पुष्टी
separate,विभक्त
golden,गोल्डन
photograph,फोटो
meanwhile,दरम्यान
except,वगळता
now,आता
channel,चॅनल
bedroom,बेडरूम
requirement,आवश्यकता
ancient,प्राचीन
coverage,कव्हरेज
trail,माग
bear,अस्वल
host,होस्ट
his,त्याचा
check,तपासा
stand,उभे रहा
surgery,शस्त्रक्रिया
perception,समज
rare,#VALUE!
struggle,संघर्ष
era,#VALUE!
grant,अनुदान
file,फाईल
ocean,महासागर
seriously,गंभीरपणे
clear,स्पष्ट
confidence,आत्मविश्वास
aside,बाजूला
tear,अश्रू
judgment,निर्णय
industrial,औद्योगिक
expectation,अपेक्षा
resolution,ठराव
copy,कॉपी
wing,विंग
doubt,शंका
fun,मजा
totally,पूर्णपणे
pour,ओतणे
gender,लिंग
surprised,आश्चर्य
beer,बिअर
clean,स्वच्छ
score,स्कोअर
bond,बाँड
plus,अधिक
debt,कर्ज
smart,स्मार्ट
English,इंग्रजी
terrible,भयानक
witness,साक्षीदार
reference,संदर्भ
account,खाते
separate,विभक्त
mean,म्हणजे
vice,वाईस
black,काळा
rest,उर्वरित
hero,नायक
bomb,बॉम्ब
below,खाली
rating,रेटिंग
busy,#VALUE!
cite,उद्धृत
corporation,कॉर्पोरेशन
representative,प्रतिनिधी
everywhere,#VALUE!
soil,#VALUE!
highway,महामार्ग
frame,फ्रेम
stretch,ताणून लांब करणे
oppose,#VALUE!
Catholic,कॅथोलिक
cloud,ढग
initial,प्रारंभिक
variable,चल
essential,अत्यावश्यक
travel,प्रवास
improvement,सुधारणा
opening,उघडत आहे
necessarily,अपरिहार्यपणे
nurse,नर्स
incident,घटना
abortion,गर्भपात
divide,विभाजन
aim,ध्येय
tired,थकलेले
careful,#VALUE!
question,प्रश्न
cheap,#VALUE!
beside,बाजूला
apart,बाजूला
criminal,गुन्हेगार
employ,रोजगार
rush,गर्दी
user,वापरकर्ता
upper,वरील
winner,विजेता
fashion,फॅशन
tip,टीप
apple,Apple पल
rise,उदय
vast,विशाल
specifically,विशेषत
limited,मर्यादित
enormous,प्रचंड
holiday,सुट्टी
e-mail,ई-मेल
emphasize,जोर द्या
merely,#VALUE!
dance,नृत्य
core,कोअर
match,सामना
landscape,लँडस्केप
overall,एकंदरीत
golf,गोल्फ
lack,कमतरता
virtually,अक्षरशः
route,मार्ग
flow,प्रवाह
fewer,कमी
cable,केबल
gate,गेट
tie,टाय
proud,अ भी मा न
promise,वचन
dish,ताटली
beneath,खाली
increased,वाढले
succeed,यशस्वी
barely,केवळ
narrow,अरुंद
solid,घन
contemporary,समकालीन
accuse,आरोप
unfortunately,दुर्दैवाने
useful,उपयुक्त
noise,आवाज
expose,एक्सपोज करा
mass,वस्तुमान
multiple,एकाधिक
vegetable,भाजी
seed,बियाणे
reject,नाकारणे
decline,नाकारणे
experiment,प्रयोग
legislation,कायदे
hat,टोपी
either,एकतर
secret,गुप्त
massive,भव्य
grass,गवत
definitely,नक्कीच
closer,जवळ
liberal,उदारमतवादी
stir,नीट ढवळून घ्यावे
captain,कॅप्टन
revolution,क्रांती
typically,सामान्यत:
sector,क्षेत्र
hand,हात
approve,मंजूर
uncle,काका
volume,खंड
explanation,#VALUE!
sentence,वाक्य
escape,सुटका
unusual,असामान्य
distribution,वितरण
rural,ग्रामीण
cast,#VALUE!
drink,पेय
sleep,झोप
household,घरगुती
celebrate,साजरा करणे
taste,चव
characteristic,वैशिष्ट्यपूर्ण
outside,#VALUE!
addition,या व्यतिरिक्त
acquire,घेणे
closely,जवळून
proper,योग्य
tone,टोन
topic,विषय
towards,च्या दिशेने
waste,कचरा
wheel,चाक
athlete,धावपटू
convince,खात्री द्या
alternative,पर्यायी
pepper,मिरपूड
cream,#VALUE!
land,#VALUE!
technical,तांत्रिक
square,#VALUE!
plenty,भरपूर
behind,मागे
invest,गुंतवणूक
mind,मन
potential,संभाव्य
regard,संदर्भ
intervention,हस्तक्षेप
illegal,#VALUE!
lower,लोअर
compete,स्पर्धा
talent,प्रतिभा
guilty,दोषी
living,जिवंत
milk,दूध
height,उंची
list,यादी
live,राहतात
assistance,सहाय्य
personality,व्यक्तिमत्व
Israeli,इस्त्रायली
gay,समलिंगी
forever,#VALUE!
assess,मूल्यांकन करा
weak,कमकुवत
female,#VALUE!
cigarette,सिगारेट
permit,परवानगी
passenger,प्रवासी
criticism,टीका
twenty,वीस
honor,सन्मान
creative,सर्जनशील
offer,ऑफर
knock,ठोका
display,प्रदर्शन
campus,कॅम्पस
definition,व्याख्या
gray,राखाडी
signal,सिग्नल
warning,चेतावणी
physician,डॉक्टर
column,स्तंभ
interaction,परस्परसंवाद
dramatic,नाट्यमय
review,पुनरावलोकन
republic,प्रजासत्ताक
primarily,प्रामुख्याने
priority,प्राधान्य
achievement,यश
fun,मजा
request,विनंती
wrap,लपेटणे
engineer,अभियंता
rice,तांदूळ
scholar,#VALUE!
airline,एअरलाइन्स
expense,खर्च
observation,निरीक्षण
gap,अंतर
agenda,अजेंडा
creation,#VALUE!
drag,ड्रॅग
suspect,संशयित
fishing,मासेमारी
bread,ब्रेड
hi,हाय
unable,अक्षम
scream,किंचाळणे
journalist,पत्रकार
constitution,घटना
lucky,भाग्यवान
excellent,उत्कृष्ट
mass,वस्तुमान
payment,देय
deep,खोल
selection,निवड
lab,लॅब
arrest,अटक
deeply,खोलवर
sad,दु: खी
childhood,बालपण
suppose,समजा
fairly,प्रामाणिकपणे
prosecutor,फिर्यादी
violent,हिंसक
recover,पुनर्प्राप्त
roof,छप्पर
amendment,दुरुस्ती
emotion,भावना
existing,विद्यमान
far,खूप दूर
graduate,पदवीधर
factory,कारखाना
schedule,वेळापत्रक
avenue,Venue व्हेन्यू
spiritual,अध्यात्मिक
ride,राइड
wash,धुवा
planning,नियोजन
self,#VALUE!
later,नंतर
shout,ओरडणे
silent,मूक
brief,संक्षिप्त
error,त्रुटी
widely,व्यापकपणे
description,वर्णन
dark,गडद
immediate,त्वरित
purchase,#VALUE!
leading,अग्रगण्य
funding,निधी
settlement,सेटलमेंट
prayer,#VALUE!
initiative,पुढाकार
coalition,युती
comparison,तुलना
portion,भाग
opponent,विरोधक
tension,तणाव
chapter,धडा
bother,त्रास
curriculum,अभ्यासक्रम
consist,समाविष्ट करा
immigrant,परदेशातून कायमची वस्ती करण्यासाठी येणारा किंवा आलेला
enable,सक्षम करा
faculty,#VALUE!
steel,स्टील
desert,वाळवंट
asset,मालमत्ता
slow,हळू
housing,गृहनिर्माण
transform,परिवर्तन
regarding,संबंधित
perceive,लक्षात घ्या
depression,औदासिन्य
inform,माहिती
formal,औपचारिक
abandon,सोडून द्या
release,सोडणे
chip,चिप
double,दुहेरी
remaining,उर्वरित
existence,अस्तित्व
cheese,चीज
link,दुवा
joint,संयुक्त
savings,बचत
rule,नियम
preserve,जतन करा
diet,आहार
territory,प्रदेश
tea,चहा
bend,वाकणे
gain,मिळवा
arrange,व्यवस्था
resolve,संकल्प
walk,चाला
passage,रस्ता
lock,लॉक
tear,अश्रू
resistance,प्रतिकार
present,#VALUE!
stream,प्रवाह
slide,स्लाइड
green,हिरवा
sharp,तीक्ष्ण
display,प्रदर्शन
cycle,चक्र
pose,पोज
phase,टप्पा
transition,संक्रमण
reduction,कपात
negotiation,वाटाघाटी
manufacturer,निर्माता
interview,मुलाखत
quote,कोट
deserve,पात्र
trust,विश्वास
sale,विक्री
layer,थर
wedding,लग्न
discovery,शोध
mine,माझे
academy,अकादमी
sand,वाळू
hit,दाबा
missile,क्षेपणास्त्र
elect,निवडून घ्या
climate,हवामान
participation,सहभाग
knife,चाकू
benefit,फायदा
atmosphere,वातावरण
joke,विनोद
urge,आग्रह
ordinary,सामान्य
visual,#VALUE!
numerous,असंख्य
occasion,प्रसंग
philosophy,तत्वज्ञान
suicide,आत्महत्या
shall,शेल
glad,आनंद
goods,वस्तू
moreover,शिवाय
coat,कोट
consistent,सातत्य
alcohol,अल्कोहोल
opposite,उलट
cop,कॉप
universe,विश्व
breathe,श्वास
practical,व्यावहारिक
therapy,उपचार
shift,शिफ्ट
racial,वांशिक
elsewhere,इतरत्र
rarely,क्वचितच
essentially,मूलत:
discipline,शिस्त
reply,प्रत्युत्तर द्या
Mexican,मेक्सिकन
passion,आवड
tale,कथा
dust,धूळ
kiss,चुंबन
iron,लोह
independence,स्वातंत्र्य
contact,संपर्क
Spanish,स्पॅनिश
advance,प्रगती
pot,भांडे
potato,बटाटा
motor,मोटर
pack,पॅक
dominate,वर्चस्व
marketing,विपणन
disaster,आपत्ती
exposure,#VALUE!
complaint,तक्रार
cap,कॅप
congressional,कॉंग्रेसल
jacket,जाकीट
intense,तीव्र
touch,स्पर्श
for,च्या साठी
impose,लादणे
electric,इलेक्ट्रिक
implement,अंमलबजावणी
enforcement,अंमलबजावणी
analyze,विश्लेषण
sure,नक्की
retire,सेवानिवृत्त
deficit,#VALUE!
emphasis,जोर
concentrate,लक्ष केंद्रित
accomplish,साध्य करा
previously,पूर्वी
symbol,चिन्ह
bureau,ब्यूरो
laboratory,प्रयोगशाळा
attach,संलग्न करा
fundamental,मूलभूत
whenever,जेव्हाही
arrangement,व्यवस्था
investigator,अन्वेषक
mark,चिन्हांकित करा
another,दुसरा
shock,#VALUE!
adjust,समायोजित करा
employer,#VALUE!
visible,दृश्यमान
pass,पास
priest,पुजारी
volunteer,#VALUE!
interpretation,व्याख्या
entertainment,करमणूक
habit,सवय
illustrate,स्पष्ट करा
equally,तितकेच
prospect,प्रॉस्पेक्ट
enhance,वाढविण्यासाठी
severe,#VALUE!
other,इतर
monitor,मॉनिटर
amazing,आश्चर्यकारक
poverty,गरीबी
increasing,वाढत आहे
boss,बॉस
inspire,प्रेरणा
anger,राग
heavily,जोरदारपणे
parking,पार्किंग
print,मुद्रण
maker,मेकर
involvement,सहभाग
queen,राणी
gene,जीन
vary,भिन्न
approximately,अंदाजे
gallery,गॅलरी
evaluate,मूल्यांकन करा
fat,चरबी
trade,व्यापार
transfer,हस्तांतरण
exercise,व्यायाम
usual,नेहमीच्या
mystery,गूढ
entry,प्रविष्टी
ring,रिंग
mood,मूड
bean,बीन
still,अजूनही
objective,उद्दीष्ट
capable,सक्षम
constant,स्थिर
light,प्रकाश
substance,पदार्थ
total,एकूण
strongly,जोरदारपणे
exception,अपवाद
commander,कमांडर
spending,खर्च करणे
crucial,निर्णायक
acre,एकर
wire,वायर
command,आज्ञा
nervous,चिंताग्रस्त
cross,फुली
so-called,तथाकथित
competitive,स्पर्धात्मक
Asian,आशियाई
tower,टॉवर
veteran,अनुभवी
creature,प्राणी
smoke,धूर
Arab,अरब
prince,प्रिन्स
alliance,युती
transportation,वाहतूक
stop,थांबवा
luck,नशीब
symptom,लक्षणं
bury,दफन
clinic,चिकित्सालय
illness,आजार
championship,चॅम्पियनशिप
prisoner,कैदी
reputation,प्रतिष्ठा
edition,संस्करण
juice,रस
sauce,सॉस
peak,शिखर
confront,सामना
breakfast,न्याहारी
recognition,ओळख
smell,गंध
ally,सहयोगी
pure,शुद्ध
toy,टॉय
salary,पगार
electronic,इलेक्ट्रॉनिक
bathroom,स्नानगृह
surely,नक्कीच
psychological,मानसशास्त्रीय
evaluation,मूल्यांकन
dimension,परिमाण
block,ब्लॉक
race,शर्यत
personnel,#VALUE!
belt,बेल्ट
accompany,सोबत
implication,परिणाम
album,#VALUE!
perfectly,उत्तम प्रकारे
strike,संप
jet,जेट
hello,नमस्कार
shape,आकार
relative,नातेवाईक
tourist,पर्यटक
phenomenon,इंद्रियगोचर
fellow,फेलो
toss,टॉस
publication,प्रकाशन
nearby,जवळपास
consideration,विचार
rather,त्याऐवजी
holy,पवित्र
enterprise,उपक्रम
due,देय
inner,आतील
watch,पहा
Indian,भारतीय
pray,प्रार्थना
creek,खाडी
supply,पुरवठा
boot,बूट
whisper,कुजबुज
resist,प्रतिकार करा
journey,प्रवास
flag,झेंडा
disorder,डिसऑर्डर
designer,डिझाइनर
literally,शब्दशः
apparent,उघड
permanent,कायम
angle,कोन
smooth,गुळगुळीत
unlike,विपरीत
tablespoon,चमचे
smoke,धूर
consultant,सल्लागार
twin,जुळ्या
favor,अनुकूलता
throat,घसा
construct,बांधकाम
birthday,वाढदिवस
soon,लवकरच
swing,स्विंग
supporter,समर्थक
testing,चाचणी
reasonable,वाजवी
mail,मेल
silver,चांदी
retirement,सेवानिवृत्ती
sensitive,संवेदनशील
gentleman,गृहस्थ
navy,नौदल
terrorism,दहशतवाद
occasionally,कधीकधी
glance,दृष्टीक्षेप
observer,निरीक्षक
constantly,सतत
bind,बंधन
wet,ओले
line,ओळ
dig,खोद
quit,सोडा
digital,#VALUE!
straight,सरळ
vs,वि
assist,सहाय्य करा
employment,रोजगार
suggestion,सूचना
rapidly,वेगाने
estimate,अंदाज
embrace,आलिंगन
junior,कनिष्ठ
stomach,पोट
extreme,#VALUE!
pretty,सुंदर
mine,माझे
recovery,पुनर्प्राप्ती
negotiate,वाटाघाटी
impression,छाप
wage,वेतन
fifth,#VALUE!
FALSE,खोटे
count,गणना
pink,गुलाबी
absence,अनुपस्थिती
aggressive,आक्रमक
corn,कॉर्न
mixture,मिश्रण
substantial,भरीव
grandmother,आजी
quietly,शांतपणे
jail,तुरूंग
specialist,विशेषज्ञ
dealer,विक्रेता
poem,कविता
butter,लोणी
conventional,पारंपारिक
pace,#VALUE!
intention,हेतू
peer,सरदार
restore,पुनर्संचयित करा
wooden,लाकडी
criticize,टीका
nevertheless,तथापि
approval,मान्यता
historic,ऐतिहासिक
secure,सुरक्षित
preparation,तयारी
Latin,लॅटिन
lord,परमेश्वर
teaspoon,चमचे
musical,#VALUE!
weigh,#VALUE!
comment,टिप्पणी
pan,पॅन
assure,आश्वासन
viewer,दर्शक
arise,उद्भवू
administrator,प्रशासक
immigration,इमिग्रेशन
plant,वनस्पती
honest,प्रामाणिक
origin,मूळ
giant,राक्षस
diversity,विविधता
tomato,टोमॅटो
advise,सल्ला
biological,#VALUE!
shell,शेल
essay,निबंध
roll,रोल
historian,इतिहासकार
deputy,डेप्युटी
date,तारीख
effectively,प्रभावीपणे
fast,वेगवान
schedule,वेळापत्रक
buck,बोकड
tube,ट्यूब
refugee,निर्वासित
depth,खोली
flat,फ्लॅट
precisely,तंतोतंत
mad,वेडा
alternative,पर्यायी
disability,दिव्यांग
destruction,विनाश
dream,स्वप्न
drop,थेंब
assumption,गृहितक
normally,साधारणपणे
angel,देवदूत
pop,पॉप
criteria,निकष
minor,किरकोळ
crop,पीक
barrier,#VALUE!
assign,नियुक्त
elementary,प्राथमिक
valuable,मौल्यवान
testimony,साक्ष
stake,धोक्याचे
concert,मैफिल
label,लेबल
routine,दिनचर्या
wealth,संपत्ती
professional,व्यावसायिक
gang,टोळी
incorporate,समाविष्ट करा
brand,ब्रँड
recipe,कृती
vacation,सुट्टी
utility,उपयुक्तता
satellite,उपग्रह
extraordinary,विलक्षण
wave,वेव्ह
ultimate,अंतिम
chemical,रासायनिक
advocate,वकिली
wonder,आश्चर्य
educator,शिक्षक
cake,केक
phrase,वाक्यांश
yell,ओरड
personally,वैयक्तिकरित्या
respondent,प्रतिसादकर्ता
Palestinian,पॅलेस्टाईन
classic,क्लासिक
snap,स्नॅप
via,मार्गे मार्गे
lawsuit,खटला
install,#VALUE!
sweep,स्वीप
festival,उत्सव
draft,मसुदा
heaven,स्वर्ग
switch,स्विच
activist,कार्यकर्ता
ceiling,कमाल मर्यादा
clock,घड्याळ
graduate,पदवीधर
aunt,काकू
darkness,अंधार
daddy,बाबा
royal,रॉयल
advertising,जाहिरात
rough,उग्र
pregnant,गर्भवती
penalty,दंड
distant,दूरचे
developing,विकसनशील
yield,उत्पन्न
wind,वारा
armed,सशस्त्र
mechanism,यंत्रणा
rank,श्रेणी
killer,किलर
fence,कुंपण
ahead,पुढे
universal,सार्वत्रिक
terror,दहशत
wolf,लांडगा
house,घर
anxiety,चिंता
chemical,रासायनिक
found,आढळले
protein,प्रथिने
engineering,अभियांत्रिकी
clothing,कपडे
proceed,पुढे जा
fiber,फायबर
react,प्रतिक्रिया द्या
bottom,तळाशी
spin,स्पिन
roughly,साधारणपणे
drama,नाटक
liberty,स्वातंत्र्य
ingredient,#VALUE!
hip,हिप
provision,तरतूद
burden,ओझे
teen,किशोर
survival,सर्व्हायव्हल
unlikely,अशक्य
Italian,इटालियन
chamber,खोली
lost,हरवले
communicate,#VALUE!
stupid,#VALUE!
bet,पैज
advance,प्रगती
Muslim,मुसलमान
bell,घंटा
onion,कांदा
disagree,सहमत नाही
encounter,सामना
constitutional,घटनात्मक
cabinet,कपाट
remarkable,#VALUE!
broken,#VALUE!
latter,नंतरचे
overcome,मात
virus,#VALUE!
stranger,अनोळखी
retain,टिकवून ठेवा
match,सामना
prize,बक्षीस
string,स्ट्रिंग
exhibition,प्रदर्शन
expansion,विस्तार
tremendous,प्रचंड
bunch,घड
assistant,सहाय्यक
initially,सुरुवातीला
accurate,अचूक
cheek,गाल
index,अनुक्रमणिका
occupy,व्यापू
gear,गियर
guarantee,हमी
chocolate,चॉकलेट
ceremony,सोहळा
button,बटण
shopping,खरेदी
pay,वेतन
dispute,वाद
like,आवडले
furniture,#VALUE!
marine,सागरी
statistics,आकडेवारी
Olympic,ऑलिम्पिक
balance,शिल्लक
wipe,पुसून टाका
spokesman,प्रवक्ता
super,उत्कृष्ट
Islamic,इस्लामिक
track,ट्रॅक
translate,भाषांतर
interpret,व्याख्या करा
testify,साक्ष द्या
cooperation,सहकार्य
friendly,अनुकूल
profile,प्रोफाइल
pants,#VALUE!
whereas,तथापि
honor,सन्मान
elite,अभिजन
decline,नाकारणे
port,बंदर
complicated,क्लिष्ट
cousin,चुलतभावा
strategic,सामरिक
terrorist,दहशतवादी
chart,चार्ट
drawing,रेखांकन
though,तरी
gently,हळूवारपणे
pack,पॅक
odd,विचित्र
incentive,प्रोत्साहन
innocent,निर्दोष
imply,सूचित करा
taste,चव
stadium,स्टेडियम
scenario,परिस्थिती
shooting,शूटिंग
blind,आंधळे
assembly,असेंब्ली
withdraw,माघार घ्या
strip,पट्टी
market,बाजार
lover,प्रियकर
process,प्रक्रिया
mainly,मुख्यतः
aircraft,विमान
newly,नवीन
ideal,आदर्श
dirt,घाण
flow,प्रवाह
boundary,सीमा
resort,रिसॉर्ट
genetic,अनुवांशिक
stick,काठी
concentration,एकाग्रता
naturally,नैसर्गिकरित्या
ministry,मंत्रालय
surprising,#VALUE!
adviser,सल्लागार
recommendation,शिफारस
similarly,त्याचप्रमाणे
justify,औचित्य सिद्ध करा
wildlife,वन्यजीव
bench,खंडपीठ
bullet,बंदूकीची गोळी
mode,मोड
square,#VALUE!
champion,चॅम्पियन
dismiss,काढून टाकणे
deck,डेक
lifetime,आजीवन
extensive,विस्तृत
attractive,आकर्षक
politically,राजकीयदृष्ट्या
regularly,नियमितपणे
raw,कच्चा
fault,दोष
clinical,क्लिनिकल
detect,शोध
considerable,लक्षणीय
working,कार्यरत
partly,अंशतः
platform,प्लॅटफॉर्म
remote,दूरस्थ
blue,निळा
respect,आदर
top,शीर्ष
fortune,भाग्य
slave,गुलाम
delivery,वितरण
worth,किमतीची
reflection,प्रतिबिंब
relevant,संबंधित
unknown,अज्ञात
pause,विराम द्या
likely,शक्यता
tissue,ऊतक
sink,बुडणे
counter,काउंटर
Bible,बायबल
license,परवाना
tragedy,शोकांतिका
assistant,सहाय्यक
dialogue,संवाद
mutual,परस्पर
loose,सैल
external,बाह्य
pride,अभिमान
awareness,जागरूकता
electricity,#VALUE!
diverse,वैविध्यपूर्ण
advanced,प्रगत
free,फुकट
faster,#VALUE!
conservative,पुराणमतवादी
online,ऑनलाइन
assault,हल्ला
shortly,लवकरच
finance,वित्त
originally,मूलतः
founder,संस्थापक
lie,खोटे बोलणे
characterize,वैशिष्ट्यीकृत
protest,निषेध
pole,ध्रुव
intellectual,बौद्धिक
communist,कम्युनिस्ट
infection,संसर्ग
controversy,वाद
double,दुहेरी
freeze,गोठवा
portrait,पोर्ट्रेट
proof,पुरावा
satisfaction,समाधान
insight,अंतर्दृष्टी
headquarters,मुख्यालय
stair,जिना
crash,आपटी
constitute,स्थापना
thirty,तीस
alter,बदल
sudden,अचानक
not,नाही
potentially,संभाव्य
dirty,गलिच्छ
evolve,विकसित
teenager,किशोरवयीन
violation,उल्लंघन
joy,आनंद
smell,गंध
possess,ताब्यात घ्या
hurricane,चक्रीवादळ
offense,गुन्हा
relax,आराम
appeal,अपील
mount,माउंट
treaty,करार
prior,#VALUE!
memorial,स्मारक
establishment,स्थापना
hold,धरून ठेवा
tap,टॅप करा
swim,पोहणे
properly,व्यवस्थित
gulf,आखाती
tongue,जीभ
salad,कोशिंबीर
practice,सराव
favorite,आवडते
shelter,निवारा
correspondent,संवाददाता
introduction,परिचय
funeral,अंत्यसंस्कार
literary,साहित्य
convert,रूपांतरित करा
violate,उल्लंघन
rub,घासणे
entrance,प्रवेश
episode,भाग
tournament,स्पर्धा
vital,महत्वाचा
stable,स्थिर
split,विभाजन
representation,प्रतिनिधित्व
stress,ताण
fiction,कल्पनारम्य
lane,लेन
distinction,भेद
segment,विभाग
transfer,हस्तांतरण
comprehensive,सर्वसमावेशक
confident,आत्मविश्वास
easy,सुलभ
prominent,प्रमुख
presentation,सादरीकरण
net,नेट
squeeze,पिळून घ्या
tobacco,तंबाखू
significance,महत्त्व
imagination,कल्पना
pretend,ढोंग करा
mere,मेरे
mix,मिसळा
spot,स्पॉट
fade,फिकट
steady,स्थिर
neither,नाही
target,लक्ष्य
nowhere,कोठेही नाही
variation,भिन्नता
radical,संपूर्ण
adventure,साहस
profession,व्यवसाय
exciting,रोमांचक
fate,नशिब
regardless,पर्वा न करता
load,लोड
singer,#VALUE!
distribute,वितरण
ton,टन
instance,उदाहरण
affiliation,संलग्नता
hunting,शिकार
pale,फिकट गुलाबी
paint,रंग
poet,#VALUE!
gradually,हळूहळू
partnership,भागीदारी
capability,क्षमता
Canadian,कॅनेडियन
tech,#VALUE!
commerce,वाणिज्य
grandfather,आजोबा
bake,बेक करावे
shelf,शेल्फ
honey,मध
round,गोल
flee,पळून जा
adapt,परिस्थितीशी जुळवून घ्या
buyer,खरेदीदार
divorce,घटस्फोट
defensive,बचावात्मक
bombing,#VALUE!
scared,घाबरलेले
gesture,हावभाव
poetry,कविता
reserve,राखीव
satisfy,समाधानी
pollution,प्रदूषण
lawn,लॉन
depending,अवलंबून
wisdom,शहाणपण
since,तेव्हापासून
comfort,आराम
plot,प्लॉट
vulnerable,असुरक्षित
explosion,स्फोट
tail,शेपटी
differ,भिन्न
fellow,फेलो
sustain,टिकवून ठेवा
doubt,शंका
stability,स्थिरता
fantasy,कल्पनारम्य
obligation,बंधन
God,देव
damage,नुकसान
bike,दुचाकी
dining,जेवणाचे
guide,#VALUE!
custom,#VALUE!
ill,आजारी
celebrity,सेलिब्रिटी
leather,लेदर
given,दिले
framework,फ्रेमवर्क
beat,बीट
owe,देणे
slight,किंचित
witness,साक्षीदार
tendency,प्रवृत्ती
load,लोड
crack,क्रॅक
briefly,#VALUE!
derive,व्युत्पन्न
speaker,स्पीकर
scandal,#VALUE!
fifteen,#VALUE!
scheme,योजना
jazz,जाझ
in,मध्ये
elderly,वृद्ध
celebration,उत्सव
can,करू शकता
evolution,उत्क्रांती
fighter,सैनिक
publicly,सार्वजनिकपणे
store,स्टोअर
trace,ट्रेस
rid,सुटका
detective,#VALUE!
closer,जवळ
limitation,मर्यादा
besides,याशिवाय
soup,सूप
oven,ओव्हन
rapid,रॅपिड
chase,पाठलाग
sophisticated,अत्याधुनिक
tribe,जमाती
pipe,पाईप
deer,#VALUE!
illustration,उदाहरण
ok,ठीक आहे
arrest,अटक
mm-hmm,मिमी-हम्म
uniform,एकसमान
transmission,संसर्ग
storage,संचयन
pile,ढीग
survivor,वाचलेले
resemble,साम्य आहे
incredible,अविश्वसनीय
impress,प्रभाव
economist,अर्थशास्त्रज्ञ
efficient,कार्यक्षम
fifty,पन्नास
shade,सावली
opera,#VALUE!
calculate,गणना करा
preference,प्राधान्य
guideline,मार्गदर्शक सूचना
consume,वापर
maintenance,देखभाल
formation,निर्मिती
glove,हातमोजा
scholarship,शिष्यवृत्ती
educate,शिकवणे
proportion,प्रमाण
appointment,नियुक्ती
fund,निधी
conviction,खात्री
myth,मिथक
solar,सौर
vessel,भांडे
wealthy,श्रीमंत
friendship,मैत्री
membership,सदस्यता
craft,हस्तकला
qualify,#VALUE!
French,फ्रेंच
earnings,कमाई
waste,कचरा
asleep,झोपलेले
porch,पोर्च
controversial,विवादास्पद
painful,वेदनादायक
congressman,कॉंग्रेसमन
mama,मामा
monitor,मॉनिटर
surprise,आश्चर्य
infant,अर्भक
cow,गाय
proposed,प्रस्तावित
sufficient,पुरेसे
oak,ओक
terrorist,दहशतवादी
mall,मॉल
punishment,शिक्षा
helpful,उपयुक्त
ongoing,चालू आहे
admission,प्रवेश
frequency,वारंवारता
ratio,गुणोत्तर
delay,विलंब
privacy,गोपनीयता
trick,युक्ती
etc,इ
circuit,सर्किट
musician,संगीतकार
sue,दावा
purchase,#VALUE!
aide,सहाय्यक
modest,विनम्र
helicopter,हेलिकॉप्टर
empire,साम्राज्य
detailed,तपशीलवार
efficiency,कार्यक्षमता
humor,विनोद
sanctions,मंजूरी
badly,वाईट रीतीने
tennis,टेनिस
emission,उत्सर्जन
desperate,हताश
garlic,लसूण
contest,स्पर्धा
strengthen,मजबूत करा
demonstration,प्रात्यक्षिक
restriction,निर्बंध
Irish,आयरिश
hunter,शिकारी
standing,उभे
handful,मूठभर
explode,एकदम बाहेर पडणे
prompt,प्रॉमप्ट
absorb,शोषून घ्या
suspect,संशयित
eager,उत्सुक
temporary,तात्पुरता
commissioner,आयुक्त
diamond,डायमंड
curious,#VALUE!
differently,वेगळ्या पद्धतीने
across,ओलांडून
reservation,#VALUE!
downtown,डाउनटाउन
adjustment,समायोजन
composition,रचना
relative,नातेवाईक
tiger,वाघ
fabric,#VALUE!
assert,ठामपणे
discrimination,भेदभाव
float,फ्लोट
request,विनंती
math,गणित
overlook,दुर्लक्ष
corps,कॉर्प्स
sequence,क्रम
complex,कॉम्प्लेक्स
heel,#VALUE!
successfully,यशस्वीरित्या
examination,परीक्षा
horizon,होरायझन
German,जर्मन
absolute,परिपूर्ण
anticipate,अपेक्षित
yours,तुझे
dominant,प्रबळ
bull,बैल
prevention,प्रतिबंध
meter,मीटर
legitimate,कायदेशीर
mask,मुखवटा
bite,चावा
suit,खटला
stroke,स्ट्रोक
assignment,असाइनमेंट
lion,सिंह
sense,सेन्स
rifle,रायफल
brilliant,हुशार
appoint,नेमणूक करा
boom,भरभराट
naked,नग्न
hungry,भुकेले
tight,घट्ट
flame,ज्योत
Palestinian,पॅलेस्टाईन
economics,अर्थशास्त्र
cabin,केबिन
print,मुद्रण
orange,केशरी
wander,भटकंती
taxpayer,करदाता
romantic,रोमँटिक
devote,समर्पित
inflation,चलनवाढ
furthermore,शिवाय
pine,पाइन
agriculture,शेती
legacy,वारसा
extension,विस्तार
barrel,बॅरल
arrival,आगमन
register,नोंदणी करा
flavor,चव
versus,विरुद्ध
risk,जोखीम
flesh,मांस
submit,प्रस्तुत करणे
garage,गॅरेज
cotton,कापूस
operator,ऑपरेटर
nut,नट
rate,दर
blade,ब्लेड
girlfriend,मैत्रीण
fly,उड्डाण करा
dependent,अवलंबून
carbon,कार्बन
heritage,हेरिटेज
organic,सेंद्रिय
ambassador,राजदूत
invasion,आक्रमण
summit,समिट
lifestyle,जीवनशैली
agricultural,कृषी
shrug,श्रग
counsel,सल्ला
associate,सहयोगी
major,प्रमुख
distinguish,वेगळे करा
menu,मेनू
awful,भयानक
wound,जखमे
manufacturing,उत्पादन
consumption,वापर
permission,परवानगी
twelve,बारा
offensive,आक्षेपार्ह
shower,शॉवर
collapse,कोसळणे
undergo,घ्या
function,कार्य
consciousness,शुद्धी
correct,योग्य
dry,कोरडे
frustration,निराशा
operating,ऑपरेटिंग
ease,सुलभता
carrier,वाहक
scope,व्याप्ती
grain,धान्य
distinct,भिन्न
ranch,शेती
workshop,कार्यशाळा
auto,स्वयं
publisher,प्रकाशक
narrator,निवेदक
brush,ब्रश
ban,बंदी
portray,चित्रण
fighting,लढाई
borrow,कर्ज घ्या
seize,जप्त करा
psychology,मानसशास्त्र
subsequent,त्यानंतरचे
exceed,जास्त
crack,क्रॅक
killing,हत्या
deadline,अंतिम मुदत
athletic,अ‍ॅथलेटिक
wise,ज्ञानी
medication,औषधोपचार
repeatedly,वारंवार
frequent,वारंवार
rocket,रॉकेट
fame,कीर्ती
lung,फुफ्फुस
depict,चित्रित करा
persuade,मन वळवा
tent,तंबू
ah,अहो
motivation,प्रेरणा
odds,शक्यता
worried,चिंताग्रस्त
principal,प्राचार्य
firm,टणक
ugly,कुरुप
adequate,पुरेसे
nonetheless,तथापि
criminal,गुन्हेगार
widespread,व्यापक
transformation,परिवर्तन
physically,शारीरिकदृष्ट्या
provider,प्रदाता
admire,प्रशंसा
headline,मथळा
miracle,चमत्कार
institutional,#VALUE!
homeless,बेघर
impressive,प्रभावी
chef,#VALUE!
tactic,युक्ती
measurement,#VALUE!
identification,ओळख
province,प्रांत
moderate,मध्यम
consensus,एकमत
lovely,लवली
comedy,विनोद
shore,किनारा
photographer,छायाचित्रकार
venture,उद्यम
competitor,#VALUE!
nomination,नामनिर्देशन
confusion,गोंधळ
attribute,विशेषता
horror,भय
orientation,अभिमुखता
weekly,साप्ताहिक
legislature,विधिमंडळ
basket,टोपली
crash,आपटी
continued,चालू ठेवले
blanket,ब्लँकेट
orange,केशरी
eagle,गरुड
changing,#VALUE!
mouse,माउस
ethics,नीतिशास्त्र
high,उच्च
ghost,भूत
everyday,रोज
rope,दोरी
formula,सुत्र
exhibit,प्रदर्शन
nerve,मज्जातंतू
cope,सामना करा
running,धावणे
psychologist,मानसशास्त्रज्ञ
acid,आम्ल
principal,प्राचार्य
pet,पाळीव प्राणी
pitch,खेळपट्टी
occupation,व्यवसाय
courage,धैर्य
defeat,पराभव
pregnancy,गर्भधारणा
actress,अभिनेत्री
patch,पॅच
margin,मार्जिन
reinforce,मजबुतीकरण
collective,सामूहिक
brick,वीट
script,स्क्रिप्ट
cooking,स्वयंपाक
tunnel,बोगदा
document,दस्तऐवज
concrete,कंक्रीट
recruit,भरती
grocery,किराणा
lemon,लिंबू
dare,धैर्य
exact,अचूक
battery,बॅटरी
surprisingly,आश्चर्यचकितपणे
artistic,कलात्मक
shit,छंद
indication,संकेत
cookie,कुकी
intensity,तीव्रता
dramatically,नाटकीय
piano,पियानो
concerning,संबंधित
lap,लॅप
inquiry,चौकशी
Catholic,कॅथोलिक
discourse,प्रवचन
laughter,#VALUE!
anniversary,वर्धापनदिन
telescope,दुर्बिणी
swear,शपथ
park,पार्क
charity,धर्मादाय संस्था
clue,सुगावा
grave,गंभीर
narrative,कथा
hypothesis,हायपोथेसिस
upset,नाराज
acceptable,स्वीकार्य
favor,अनुकूलता
couch,#VALUE!
defendant,प्रतिवादी
compose,तयार करा
cool,मस्त
ballot,मतपत्रिका
related,संबंधित
cluster,क्लस्टर
pie,पाई
concern,चिंता
recording,मुद्रित करणे
rail,रेल्वे
decrease,घट
rape,बलात्कार
interrupt,व्यत्यय
architect,आर्किटेक्ट
sigh,उसासा
remark,टिप्पणी
Christian,ख्रिश्चन
invent,शोध
prescription,प्रिस्क्रिप्शन
reward,प्रतिफळ भरून पावले
sacred,पवित्र
organ,अवयव
abroad,परदेशात
devil,भूत
dear,प्रिय
rank,श्रेणी
superior,श्रेष्ठ
military,सैन्य
greatly,मोठ्या प्रमाणात
airplane,विमान
host,होस्ट
habitat,निवासस्थान
coal,कोळसा
soccer,सॉकर
entitle,हक्क
delay,विलंब
instructor,प्रशिक्षक
integrity,सचोटी
shine,चमक
mess,गोंधळ
norm,नियम
allegation,आरोप
pill,गोळी
tight,घट्ट
cry,#VALUE!
okay,ठीक आहे
pleased,आनंद
plain,साधा
inspector,निरीक्षक
forum,मंच
powder,पावडर
sin,पाप
evident,स्पष्ट
sponsor,प्रायोजक
acceptance,स्वीकृती
prosecution,खटला
cognitive,संज्ञानात्मक
presidency,अध्यक्षपद
finance,वित्त
favor,अनुकूलता
magic,जादू
northwest,उत्तर पश्चिम
regulate,नियमन
exclude,वगळा
colonial,वसाहती
rent,भाडे
peer,सरदार
civilian,नागरी
harbor,हार्बर
estimated,अंदाज
rhythm,ताल
midnight,मध्यरात्री
counselor,सल्लागार
highlight,हायलाइट
palace,राजवाडा
trading,व्यापार
compound,कंपाऊंड
bare,#VALUE!
echo,प्रतिध्वनी
integrate,समाकलित करा
slice,स्लाइस
combat,लढाई
shop,दुकान
medium,मध्यम
log,लॉग
surgeon,सर्जन
excuse,माफ करा
ritual,विधी
resign,राजीनामा
net,नेट
excited,उत्साही
lightly,हलके
evil,वाईट
bitter,कडू
export,निर्यात
swing,स्विंग
clay,क्ले
logic,तर्कशास्त्र
virtue,पुण्य
container,कंटेनर
quarterback,#VALUE!
beg,भीक मागणे
salmon,तांबूस पिवळट रंगाचा
greet,अभिवादन
curve,वक्र
mill,मिल
closet,कपाट
interior,आतील
rod,#VALUE!
candy,कँडी
restrict,प्रतिबंधित
initiate,आरंभ करा
reverse,उलट
ethical,नैतिक
secondary,दुय्यम
administrative,प्रशासकीय
confuse,गोंधळ
deadly,प्राणघातक
pig,डुक्कर
suburban,उपनगरीय
medal,पदक
receiver,प्राप्तकर्ता
gaze,टक लावून पाहणे
collapse,कोसळणे
snake,साप
march,मार्च
experimental,प्रायोगिक
civilization,सभ्यता
classical,#VALUE!
fold,फोल्ड
weakness,अशक्तपणा
corridor,कॉरिडॉर
harsh,कठोर
retail,किरकोळ
mortgage,गहाण
harder,कठीण
developer,विकसक
legend,आख्यायिका
excitement,खळबळ
enforce,अंमलबजावणी
murder,खून
occasional,अधूनमधून
cowboy,काउबॉय
minimum,किमान
flash,फ्लॅश
reliable,विश्वसनीय
suburb,उपनगर
melt,वितळणे
fit,फिट
contend,संघर्ष
plead,विनवणी
written,लिहिलेले
flood,पूर
unlike,विपरीत
stem,#VALUE!
inevitable,अपरिहार्य
essence,सार
pitcher,पिचर
tip,टीप
subtle,सूक्ष्म
stretch,ताणून लांब करणे
slam,स्लॅम
unemployment,बेरोजगारी
trunk,खोड
privilege,विशेषाधिकार
burst,#VALUE!
pitch,खेळपट्टी
architecture,आर्किटेक्चर
monthly,मासिक
render,प्रस्तुत करा
mainstream,#VALUE!
frankly,मोकळेपणाने
obstacle,अडथळा
motivate,प्रेरणा
trap,सापळा
drinking,मद्यपान
elbow,कोपर
rumor,अफवा
swallow,गिळणे
legislative,कायदेविषयक
lecture,व्याख्यान
daily,दररोज
jeans,जीन्स
duck,बदक
slope,उतार
t-shirt,टी-शर्ट
inspection,तपासणी
speed,वेग
strict,कठोर
overwhelming,जबरदस्त
assemble,एकत्र करा
missing,गहाळ
seemingly,उशिर
label,लेबल
fraud,फसवणूक
reach,#VALUE!
plain,साधा
protest,निषेध
implementation,अंमलबजावणी
hunt,शोधाशोध
boyfriend,प्रियकर
integration,एकत्रीकरण
rat,उंदीर
wish,शुभेच्छा
broadcast,प्रसारण
Korean,कोरियन
nail,नखे
pen,पेन
consult,सल्ला
companion,सहकारी
encounter,सामना
monster,अक्राळविक्राळ
nightmare,स्वप्न
beef,गोमांस
win,विजय
serving,सर्व्हिंग
globe,ग्लोब
cholesterol,कोलेस्ट्रॉल
parliament,संसद
suite,सूट
continuing,सुरू ठेवत आहे
pop,पॉप
hence,म्हणून
lend,#VALUE!
project,प्रकल्प
sixth,सहावा
mud,चिखल
pump,पंप
flour,पीठ
hostage,ओलिस
ownership,मालकी
facilitate,सुलभ करा
basement,तळघर
correlation,परस्परसंबंध
hurry,घाई करा
insect,कीटक
arena,रिंगण
drift,वाहून नेणे
notice,सूचना
domain,#VALUE!
cave,गुहा
African-American,आफ्रिकन-अमेरिकन
consistently,सातत्याने
leap,लीप
final,अंतिम
effectiveness,प्रभावीपणा
maximum,जास्तीत जास्त
array,रचना
unexpected,अनपेक्षित
curtain,पडदा
sandwich,सँडविच
peaceful,शांततापूर्ण
humanity,मानवता
prediction,भविष्यवाणी
Roman,रोमन
ideology,विचारधारा
railroad,रेल्वेमार्ग
possession,ताबा
horn,हॉर्न
replacement,बदली
announcement,घोषणा
pond,तलाव
conduct,आचरण
forgive,क्षमा करा
past,भूतकाळ
Muslim,मुसलमान
bishop,बिशप
aim,ध्येय
top,शीर्ष
uncomfortable,अस्वस्थ
subject,विषय
laugh,हसणे
rip,आरआयपी
random,यादृच्छिक
herb,औषधी वनस्पती
and/or,आणि/किंवा
dump,डंप
online,ऑनलाइन
warm,उबदार
guilt,दोषी
cattle,गाई - गुरे
strain,मानसिक ताण
sheriff,शेरीफ
behave,वर्तन
response,प्रतिसाद
crystal,क्रिस्टल
execute,अंमलबजावणी
wrist,मनगट
motive,हेतू
painter,चित्रकार
convict,दोषी
simultaneously,एकाच वेळी
recession,मंदी
await,प्रतीक्षा
hallway,हॉलवे
dose,डोस
brush,ब्रश
endure,सहन
counseling,समुपदेशन
civilian,नागरी
suck,शोषून घ्या
accommodate,सामावून घ्या
traditionally,पारंपारिकपणे
spill,गळती
fiscal,वित्तीय
welcome,आपले स्वागत आहे
retired,सेवानिवृत्त
closed,बंद
gentle,कोमल
separation,विभक्तता
guard,रक्षक
warrior,योद्धा
convinced,खात्री पटली
southwest,नैऋत्य
drunk,मद्यधुंद
outdoor,मैदानी
tune,ट्यून
patient,#VALUE!
harm,हानी
cloth,कापड
wherever,जेथे जेथे
administer,प्रशासकीय
short,लहान
supervisor,पर्यवेक्षक
compromise,तडजोड
grateful,कृतज्ञ
Hispanic,हिस्पॅनिक
Japanese,जपानी
mandate,आदेश
average,सरासरी
alarm,गजर
cruise,क्रूझ
injure,इजा
sculpture,शिल्प
award,पुरस्कार
drain,निचरा
temple,मंदिर
dancer,नर्तक
towel,टॉवेल
Islam,इस्लाम
continuous,सतत
govern,शासन
crown,मुकुट
contractor,कंत्राटदार
adolescent,पौगंडावस्थेतील
skirt,परकर
abuse,गैरवर्तन
bacteria,जिवाणू
adoption,दत्तक
intelligent,हुशार
praise,स्तुती
outer,#VALUE!
nearby,जवळपास
glance,दृष्टीक्षेप
grip,#VALUE!
profound,गहन
trigger,ट्रिगर
stuff,सामग्री
uncertainty,अनिश्चितता
driving,ड्रायव्हिंग
enthusiasm,उत्साह
complexity,गुंतागुंत
excuse,माफ करा
cafe,कॅफे
survey,#VALUE!
virtual,आभासी
undermine,अधोरेखित
unity,ऐक्य
chaos,अनागोंदी
commonly,सामान्यत:
endless,अंतहीन
rhetoric,वक्तृत्व
trait,वैशिष्ट्य
pension,पेन्शन
genuine,खरा
sweat,#VALUE!
European,युरोपियन
innovation,नवीनता
no,नाही
matter,बाब
currency,चलन
forty,चाळीस
lobby,लॉबी
theoretical,सैद्धांतिक
bat,वटवाघूळ
makeup,मेकअप
pleasant,सुखद
rebuild,पुन्हा तयार करा
horrible,भयानक
pad,पॅड
suspend,निलंबित
relieve,आराम करा
resume,सारांश
respectively,अनुक्रमे
promotion,जाहिरात
technological,तंत्रज्ञान
galaxy,आकाशगंगा
altogether,एकूणच
apologize,दिलगीर आहोत
research,संशोधन
infrastructure,पायाभूत सुविधा
shuttle,शटल
thumb,अंगठा
questionnaire,प्रश्नावली
sidewalk,पदपथ
businessman,#VALUE!
weird,विचित्र
radiation,रेडिएशन
format,स्वरूप
scare,#VALUE!
bounce,बाऊन्स
doll,बाहुली
attraction,आकर्षण
needle,सुई
Israeli,इस्त्रायली
lock,लॉक
counterpart,समकक्ष
convey,व्यक्त करा
compensation,भरपाई
ship,जहाज
exclusive,अनन्य
twist,पिळणे
precise,तंतोतंत
suspicion,संशय
southeast,दक्षिणपूर्व
walking,चालणे
boost,चालना
scatter,स्कॅटर
rebel,बंडखोर
van,व्हॅन
identical,एकसारखे
shame,लाज
blow,फटका
delicate,नाजूक
Olympics,ऑलिम्पिक
wider,विस्तीर्ण
corruption,भ्रष्टाचार
hook,हुक
lieutenant,लेफ्टनंट
firmly,ठामपणे
structural,#VALUE!
pause,विराम द्या
invisible,अदृश्य
forehead,कपाळ
traveler,प्रवासी
meaningful,अर्थपूर्ण
provided,प्रदान केलेले
colony,कॉलनी
signature,स्वाक्षरी
database,डेटाबेस
clerk,लिपिक
dedicate,समर्पित
determination,निर्धार
signal,सिग्नल
anxious,चिंताग्रस्त
sum,बेरीज
frozen,गोठलेले
juror,ज्युरोर
timing,वेळ
punish,#VALUE!
crawl,क्रॉल
conscious,जाणीव
colonel,#VALUE!
fitness,तंदुरुस्ती
landing,लँडिंग
doctrine,#VALUE!
belly,पोट
pope,पोप
thereby,त्याद्वारे
historically,ऐतिहासिकदृष्ट्या
playoff,प्लेऑफ
poster,पोस्टर
harder,कठीण
acquisition,संपादन
rescue,बचाव
departure,प्रस्थान
summary,सारांश
wrong,चुकीचे
medium,मध्यम
chronic,जुनाट
evil,वाईट
handsome,देखणा
finish,समाप्त
hug,मिठी
wow,व्वा
pursuit,उद्योगधंदा
residence,#VALUE!
loud,जोरात
promising,आशादायक
disk,डिस्क
doorway,दरवाजा
diagnosis,निदान
scout,बालवीर
cancel,रद्द करा
desire,इच्छा
amid,दरम्यान
envelope,लिफाफा
sooner,लवकर
beam,#VALUE!
reluctant,अनिच्छेने
spouse,जोडीदार
fluid,द्रवपदार्थ
exit,बाहेर पडा
mild,सौम्य
electrical,विद्युत
bite,चावा
bath,आंघोळ
decent,सभ्य
ankle,घोट
transaction,व्यवहार
reporting,अहवाल
exhibit,प्रदर्शन
pit,खड्डा
practically,व्यावहारिकदृष्ट्या
oxygen,ऑक्सिजन
racism,वंशवाद
fist,मुठ
garbage,कचरा
ban,बंदी
guitar,गिटार
expertise,#VALUE!
parade,परेड
exploration,अन्वेषण
carve,कोरीव
realm,क्षेत्र
recipient,प्राप्तकर्ता
residential,निवासी
bias,पूर्वाग्रह
sunlight,सूर्यप्रकाश
lamp,दिवा
donor,देणगीदार
repair,दुरुस्ती
sharply,तीव्रपणे
hers,तिचा
guidance,#VALUE!
diplomatic,मुत्सद्दी
classic,क्लासिक
purple,जांभळा
princess,राजकुमारी
candle,#VALUE!
advocate,वकिली
generous,उदार
strip,पट्टी
necessity,गरज
tuck,टक
debate,वादविवाद
statue,पुतळा
frame,फ्रेम
elevator,लिफ्ट
popularity,लोकप्रियता
indicator,सूचक
entity,अस्तित्व
interior,आतील
limb,अंग
bold,#VALUE!
hesitate,संकोच
magic,जादू
starting,प्रारंभ
diminish,कमी करा
inside,आत
readily,सहजगत्या
elegant,मोहक
engagement,प्रतिबद्धता
rage,राग
destination,गंतव्य
realistic,वास्तववादी
intent,हेतू
metaphor,रूपक
automobile,ऑटोमोबाईल
productive,उत्पादक
endorse,मान्यता
isolate,वेगळा
confess,कबूल
wilderness,वाळवंट
minimize,कमी करा
diagnose,निदान
happiness,आनंद
spectrum,स्पेक्ट्रम
hint,इशारा
eating,खाणे
tune,ट्यून
volunteer,#VALUE!
abstract,गोषवारा
revolutionary,क्रांतिकारक
gym,जिम
addition,या व्यतिरिक्त
Russian,रशियन
disappointed,निराश
particle,कण
repair,दुरुस्ती
dynamic,डायनॅमिक
pump,पंप
kiss,चुंबन
value,मूल्य
automatically,आपोआप
overall,एकंदरीत
dawn,पहाट
ruling,राज्य
mechanical,यांत्रिक
feel,वाटते
vitamin,व्हिटॅमिन
silly,मूर्ख
handle,हँडल
artificial,कृत्रिम
outstanding,थकबाकी
age,वय
peel,सोल
rescue,बचाव
oral,#VALUE!
o'clock,रात्री
undertake,हाती घ्या
lonely,एकाकी
servant,नोकर
indigenous,देशी
civic,नागरी
full-time,पूर्ण वेळ
worry,काळजी
cooperate,सहकार्य
casual,प्रासंगिक
behavioral,वर्तणूक
shortage,कमतरता
reception,रिसेप्शन
offering,ऑफर
huh,हं
credibility,विश्वासार्हता
chin,हनुवटी
physics,भौतिकशास्त्र
vanish,गायब
blend,मिश्रण
noon,दुपार
precious,मौल्यवान
command,आज्ञा
wake,वेक
flip,फ्लिप
scary,भयानक
pizza,पिझ्झा
toilet,टॉयलेट
representative,प्रतिनिधी
silk,रेशीम
bid,#VALUE!
gathering,एकत्र जमणे
softly,हळुवारपणे
annually,दरवर्षी
hook,हुक
suffering,दु: ख
accuracy,अचूकता
marine,सागरी
broker,ब्रोकर
hopefully,आशेने
descend,खाली उतर
tide,भरती
trail,माग
stumble,अडखळ
verbal,शाब्दिक
spring,#VALUE!
collector,जिल्हाधिकारी
judicial,न्यायिक
burning,बर्निंग
inventory,यादी
fool,मूर्ख
way,मार्ग
loyalty,निष्ठा
performer,कलाकार
kit,किट
romance,प्रणय
quantity,प्रमाण
alleged,आरोप
therapist,थेरपिस्ट
longtime,दीर्घकाळ
sink,बुडणे
sentiment,भावना
sodium,सोडियम
seal,शिक्का
trailer,झलक
spread,#VALUE!
shared,सामायिक
equity,इक्विटी
banking,#VALUE!
ridiculous,हास्यास्पद
processing,प्रक्रिया
please,कृपया
dilemma,कोंडी
quest,शोध
pillow,उशी
slice,स्लाइस
shock,#VALUE!
lately,अलीकडे
laser,लेसर
rigid,कठोर
ours,आमचे
prohibit,प्रतिबंधित करा
switch,स्विच
genius,अलौकिक बुद्धिमत्ता
starter,स्टार्टर
stem,#VALUE!
primary,प्राथमिक
cart,कार्ट
trap,सापळा
Cuban,क्यूबान
inmate,कैदी
sacrifice,बलिदान
officially,अधिकृतपणे
slap,थप्पड
credit,पत
mysterious,रहस्यमय
Arab,अरब
specialize,विशेषज्ञ
fork,काटा
invitation,आमंत्रण
sail,सेल
regulatory,नियामक
cartoon,व्यंगचित्र
stiff,ताठ
courtroom,कोर्टरूम
import,आयात
tightly,#VALUE!
flash,फ्लॅश
equation,समीकरण
treasure,खजिना
jaw,जबडा
scan,स्कॅन
condemn,निषेध
improved,सुधारित
pickup,पिकअप
dignity,प्रतिष्ठा
inspiration,प्रेरणा
automatic,स्वयंचलित
merchant,व्यापारी
Greek,ग्रीक
hostile,विरोधी
extended,विस्तारित
homeland,जन्मभुमी
gasoline,पेट्रोल
gravity,गुरुत्व
defeat,पराभव
near,जवळ
thoroughly,नख
exchange,एक्सचेंज
bow,#VALUE!
glory,गौरव
reserve,राखीव
optimistic,आशावादी
sergeant,सार्जंट
casualty,कॅज्युअल्टी
concede,कबूल
bloody,रक्तरंजित
barn,धान्याचे कोठार
donate,देणगी
unite,UNITE
pro,समर्थक
senior,वरिष्ठ
feedback,अभिप्राय
grief,दु: ख
spite,अस्पष्ट
steep,उभे
productivity,उत्पादकता
conceive,विचार
tender,निविदा
continent,खंड
hardware,#VALUE!
equip,#VALUE!
wagon,वॅगन
besides,याशिवाय
output,आउटपुट
withdrawal,माघार
elder,मोठा
cage,पिंजरा
coastal,किनारपट्टी
patience,संयम
shallow,उथळ
earthquake,भूकंप
voting,मतदान
input,इनपुट
canvas,कॅनव्हास
slide,स्लाइड
click,क्लिक करा
sword,#VALUE!
mate,सोबती
portfolio,#VALUE!
bug,किडा
refrigerator,रेफ्रिजरेटर
escape,सुटका
heat,उष्णता
northeast,ईशान्य
seventh,#VALUE!
post,पोस्ट
combined,एकत्रित
alien,एलियन
willingness,इच्छा
hidden,#VALUE!
accounting,लेखा
sexually,लैंगिकदृष्ट्या
chop,चिरून घ्या
patrol,गस्त
symbolic,#VALUE!
ruin,नाश
rock,रॉक
drum,ड्रम
opposed,विरोध केला
sheer,सरदार
ideological,वैचारिक
discourage,परावृत्त करा
canal,#VALUE!
prior,#VALUE!
haul,हेल
protective,संरक्षणात्मक
regard,संदर्भ
conspiracy,षडयंत्र
steam,स्टीम
embassy,दूतावास
tackle,टॅकल
tropical,उष्णकटिबंधीय
instantly,त्वरित
bubble,बबल
calm,शांत
sheep,मेंढी
rent,भाडे
accent,उच्चारण
grasp,पकड
modify,सुधारित करा
grin,हसणे
toxic,विषारी
mixed,मिश्र
magnitude,परिमाण
afterward,नंतर
root,मूळ
progressive,पुरोगामी
manipulate,हाताळणी
vaccine,#VALUE!
monument,स्मारक
trace,ट्रेस
verdict,निकाल
flexible,लवचिक
declaration,घोषणा
costume,#VALUE!
drawer,ड्रॉवर
bless,आशीर्वाद
rack,रॅक
secure,सुरक्षित
position,स्थिती
deeper,सखोल
divorce,घटस्फोट
neutral,तटस्थ
fascinating,मोहक
terrific,भयानक
sympathy,सहानुभूती
draft,मसुदा
spectacular,नेत्रदीपक
ounce,औंस
rear,मागील
inn,#VALUE!
collaboration,सहयोग
clip,क्लिप
instruct,सूचना
sock,सॉक्स
rider,स्वार
revelation,प्रकटीकरण
object,ऑब्जेक्ट
accomplishment,कामगिरी
seal,शिक्का
faint,अशक्त
ease,सुलभता
spell,#VALUE!
gospel,सुवार्ता
whale,देवमासा
theatre,थिएटर
coordinator,समन्वयक
talented,प्रतिभावान
alongside,सोबत
cab,टँक्सी
isolation,अलगीकरण
costly,महाग
tragic,दुःखद
loud,जोरात
instinct,अंतःप्रेरणा
seat,सीट
intimate,जिव्हाळ्याचा
underlying,अंतर्निहित
respect,आदर
influential,प्रभावशाली
pastor,चर्चचा मुख्य धर्मोपदेशक
presumably,बहुधा
cook,कूक
skip,वगळा
eleven,अकरा
tens,दहापट
whoever,जो कोणी
ancestor,पूर्वज
safely,सुरक्षितपणे
nominee,नॉमिनी
exotic,विदेशी
minimal,किमान
uncertain,अनिश्चित
Persian,पर्शियन
parental,पालक
orchestra,ऑर्केस्ट्रा
treasury,कोषागार
tolerate,सहन करा
gallon,गॅलन
thigh,मांडी
fortunately,सुदैवाने
ambitious,महत्वाकांक्षी
actively,सक्रियपणे
flexibility,लवचिकता
jar,जर
cocaine,कोकेन
incredibly,विश्वास बसणार नाही इतका
consequently,परिणामी
documentary,माहितीपट
charge,शुल्क
insert,घाला
ambition,महत्वाकांक्षा
functional,#VALUE!
bankruptcy,दिवाळखोरी
runner,धावपटू
execution,अंमलबजावणी
crush,क्रश
buddy,मित्र
workplace,कामाची जागा
skull,कवटी
cord,दोरखंड
fixed,निश्चित
equivalent,समतुल्य
casino,कॅसिनो
reliability,विश्वसनीयता
expected,अपेक्षित
boil,उकळवा
whip,चाबूक
divine,दिव्य
proposition,प्रस्ताव
census,जनगणना
correction,#VALUE!
jump,उडी
diary,डायरी
nest,घरटे
statute,कायदे
exam,#VALUE!
metropolitan,मेट्रोपॉलिटन
star,तारा
nutrition,पोषण
breeze,#VALUE!
illusion,#VALUE!
anonymous,अज्ञात
coup,सत्ता
midst,मध्यभागी
edit,सुधारणे
experienced,अनुभवी
castle,किल्लेवजा वाडा
sort,क्रमवारी
exploit,#VALUE!
jewelry,दागिने
diabetes,मधुमेह
translation,अनुवाद
Dutch,डच
upset,नाराज
harm,हानी
irony,विडंबन
associated,#VALUE!
utilize,उपयोग
rabbit,ससा
soap,साबण
booth,बूथ
minimum,किमान
immune,रोगप्रतिकारक
gut,आतडे
appreciation,कौतुक
cast,#VALUE!
scramble,स्क्रॅमबल
upstairs,वरच्या मजल्यावरील
punch,पंच
gross,स्थूल
liability,उत्तरदायित्व
accessible,प्रवेशयोग्य
mechanic,मेकॅनिक
ass,गाढव
aesthetic,सौंदर्याचा
dessert,#VALUE!
waist,कंबर
alike,एकसारखे
brave,शूर
loop,लूप
passing,जात आहे
partially,अंशतः
statistical,सांख्यिकीय
correctly,योग्यरित्या
pin,पिन
practitioner,प्रॅक्टिशनर
encouraging,उत्साहवर्धक
syndrome,सिंड्रोम
tribal,आदिवासी
persist,चालू ठेवा
trash,कचरा
teenage,किशोरवयीन
self-esteem,स्वत: ची प्रशंसा
preliminary,प्राथमिक
stay,रहा
sunset,सूर्यास्त
harassment,छळ
reportedly,रिपोर्टली
quote,कोट
fever,ताप
panic,घबराट
charter,सनद
outlook,आउटलुक
foster,पालक
comprise,समावेश
known,ज्ञात
Thanksgiving,थँक्सगिव्हिंग
short-term,अल्प-मुदती
shed,शेड
cooperative,सहकारी
alley,#VALUE!
subsidy,अनुदान
secular,धर्मनिरपेक्ष
aluminum,अॅल्युमिनियम
cliff,उंच कडा
gram,#VALUE!
outline,बाह्यरेखा
mentally,मानसिकदृष्ट्या
invade,आक्रमण करा
confrontation,संघर्ष
sacrifice,बलिदान
dissolve,विरघळ
shy,लाजाळू
coin,नाणे
speculation,अनुमान
creativity,सर्जनशीलता
custody,कोठडी
interfere,हस्तक्षेप
spoon,चमच्याने
bee,मधमाशी
rolling,#VALUE!
interact,संवाद
damn,धिक्कार
dam,धरण
unfair,अन्याय
someday,एखाद्या दिवशी
liquid,द्रव
disclose,उघड करा
mushroom,मशरूम
disabled,अक्षम
counter,काउंटर
catalog,कॅटलॉग
gaze,टक लावून पाहणे
publicity,प्रसिद्धी
compel,सक्ती करा
cease,#VALUE!
ideal,आदर्श
decorate,#VALUE!
surrounding,सभोवताल
exclusively,केवळ
bonus,बोनस
unprecedented,अभूतपूर्व
oversee,देखरेख
touchdown,टचडाउन
federation,फेडरेशन
aggression,आगळीक
behalf,वतीने
well-known,सुप्रसिद्ध
donation,देणगी
desperately,हताशपणे
reward,प्रतिफळ भरून पावले
high-tech,हाय-टेक
cheat,फसवणूक
audio,ऑडिओ
sensation,खळबळ
entrepreneur,उद्योजक
proclaim,घोषणा
supplier,पुरवठादार
rival,प्रतिस्पर्धी
reminder,स्मरणपत्र
heal,बरे
case,केस
beast,बीस्ट
uncover,उघड
merit,गुणवत्ता
momentum,चालना
stimulate,उत्तेजित
rational,तर्कसंगत
columnist,स्तंभलेखक
pioneer,पायनियर
biology,जीवशास्त्र
photography,छायाचित्रण
innovative,नाविन्यपूर्ण
purse,पर्स
franchise,फ्रेंचायझी
consent,संमती
outfit,आउटफिट
eve,संध्याकाळ
spray,स्प्रे
shove,shove
fisherman,मच्छीमार
sensitivity,संवेदनशीलता
courtesy,शिष्टाचार
stack,स्टॅक
pork,डुकराचे मांस
teammate,सहकारी
instant,झटपट
pulse,नाडी
outsider,बाहेरील
pro,समर्थक
helmet,शिरस्त्राण
ladder,शिडी
openly,उघडपणे
fierce,भयंकर
bet,पैज
required,आवश्यक
shrink,संकुचित
cute,#VALUE!
dot,ठिपके
weaken,कमकुवत
filter,फिल्टर
worldwide,जगभरात
envision,कल्पना
videotape,व्हिडिओटेप
partial,आंशिक
patent,पेटंट
tray,ट्रे
jungle,जंगल
classify,वर्गीकरण
specialty,वैशिष्ट्य
nasty,#VALUE!
aisle,गर्दी
graph,आलेख
wound,जखमे
sexy,मादक
disturb,त्रास
excessive,जास्त
banker,बँकर
aid,मदत
installation,स्थापना
swimming,पोहणे
placement,प्लेसमेंट
attendance,#VALUE!
informal,अनौपचारिक
sack,पोते
flood,पूर
eighth,#VALUE!
premise,आधार
grill,ग्रील
model,मॉडेल
dying,मरणार
colorful,रंगीबेरंगी
hockey,हॉकी
backyard,बॅकयार्ड
collar,कॉलर
breathing,श्वास
logical,तार्किक
lightning,लाइटनिंग
dried,वाळलेल्या
discount,सूट
sole,एकमेव
boast,बढाई मारणे
tag,टॅग
sibling,भावंड
stove,स्टोव्ह
trainer,ट्रेनर
vertical,अनुलंब
added,#VALUE!
marketplace,बाजारपेठ
cure,बरा
curiosity,कुतूहल
organizational,संघटनात्मक
shrimp,कोळंबी मासा
inherit,वारसा
color,रंग
distract,विचलित करा
isolated,पृथक
planner,नियोजक
supposedly,समजा
likewise,त्याचप्रमाणे
monkey,माकड
toll,टोल
embarrassed,लाजिरवाणे
deliberately,मुद्दाम
bicycle,सायकल
stance,भूमिका
orbit,कक्षा
hormone,संप्रेरक
depressed,उदास
organism,जीव
deploy,तैनात करणे
strictly,काटेकोरपणे
deem,deem
eyebrow,#VALUE!
legally,कायदेशीररित्या
puzzle,कोडे
icon,#VALUE!
pat,पॅट
closest,सर्वात जवळ
sneak,डोकावून घ्या
fleet,फ्लीट
conservation,संवर्धन
supportive,सहाय्यक
comparable,#VALUE!
texture,पोत
access,प्रवेश
striking,टोलावणे
associate,सहयोगी
Christianity,ख्रिश्चन धर्म
dip,बुडविणे
disappointment,निराशा
sleeve,बाही
socially,सामाजिक
wheat,गहू
chunk,चंक
two-thirds,दोन तृतीयांश
pile,ढीग
refuge,आश्रय
blank,रिक्त
unfold,उलगडणे
considerably,बर्‍यापैकी
frontier,#VALUE!
faster,#VALUE!
suspicious,संशयास्पद
conception,संकल्पना
feather,पंख
elephant,हत्ती
rain,पाऊस
cure,बरा
near,जवळ
intellectual,बौद्धिक
textbook,#VALUE!
joke,विनोद
glimpse,#VALUE!
inevitably,अपरिहार्यपणे
triumph,विजय
plunge,डुबकी
sphere,गोल
hunger,भूक
density,घनता
cheer,आनंद
balanced,संतुलित
protocol,प्रोटोकॉल
part,#VALUE!
legislator,आमदार
auction,लिलाव
equality,समानता
risky,धोकादायक
cemetery,स्मशानभूमी
builder,बिल्डर
awake,जागृत
retailer,किरकोळ विक्रेता
debut,पदार्पण
tighten,घट्ट करणे
spare,अतिरिक्त
compromise,तडजोड
constraint,#VALUE!
compliance,अनुपालन
sponsor,प्रायोजक
emerging,उदयोन्मुख
this,हे
elaborate,विस्तृत
atop,वर
chew,चर्वण
similarity,समानता
pencil,पेन्सिल
calculation,गणना
tolerance,सहिष्णुता
astronomer,खगोलशास्त्रज्ञ
bulk,बल्क
arm,हात
interval,मध्यांतर
notebook,नोटबुक
genre,शैली
likelihood,शक्यता
liberal,उदारमतवादी
streak,स्ट्रीक
rib,बरगडी
scent,सुगंध
validity,वैधता
grin,हसणे
steer,स्टीयर
intact,अखंड
shark,शार्क
uh,अरे
programming,प्रोग्रामिंग
dumb,#VALUE!
formerly,पूर्वी
squad,पथक
comply,पालन ​​करा
debris,मोडतोड
peasant,शेतकरी
outlet,आउटलेट
chase,पाठलाग
neat,व्यवस्थित
valid,वैध
kingdom,#VALUE!
solely,पूर्णपणे
eligible,पात्र
regret,खंत
municipal,नगरपालिका
strain,मानसिक ताण
deposit,ठेव
transport,वाहतूक
dough,पीठ
lid,झाकण
voluntary,ऐच्छिक
journalism,पत्रकारिता
any,कोणतीही
impulse,प्रेरणा
policeman,पोलिस
objection,आक्षेप
thrive,भरभराट
privately,खाजगीरित्या
cling,चिकटून
halfway,अर्धा मार्ग
unhappy,नाखूष
rally,रॅली
scratch,स्क्रॅच
robot,रोबोट
conversion,रूपांतरण
supermarket,सुपरमार्केट
blink,डोळे मिचकावणे
philosophical,तत्वज्ञान
happily,आनंदाने
thread,धागा
allegedly,कथितपणे
ash,राख
dynamics,गतिशीलता
denial,नकार
riot,दंगा
soar,shoar
mentor,मेंटोर
beard,दाढी
widow,विधवा
offender,गुन्हेगार
landmark,लँडमार्क
apart,बाजूला
instant,झटपट
routinely,नियमितपणे
butt,बट
forbid,मना
bomb,बॉम्ब
migration,स्थलांतर
carrot,गाजर
harmony,सुसंवाद
downtown,डाउनटाउन
brutal,क्रूर
prevail,प्रचलित
weed,तण
exhaust,दमट
pasta,पास्ता
distinctive,विशिष्ट
fraction,#VALUE!
remark,टिप्पणी
emotionally,भावनिक
poke,पोक
guarantee,हमी
dancing,नृत्य
trouble,समस्या
freshman,#VALUE!
suitable,योग्य
youngster,तरुण
slavery,गुलामगिरी
balloon,बलून
opt,निवड
crowded,गर्दी
liver,यकृत
listener,श्रोता
calm,शांत
ironically,उपरोधिकपणे
affirmative,होकारार्थी
commodity,वस्तू
fur,फर
freely,मुक्तपणे
light,प्रकाश
removal,काढणे
regard,संदर्भ
round,गोल
goat,बकरी
shareholder,भागधारक
expedition,मोहीम
loyal,#VALUE!
conscience,विवेक
fragile,नाजूक
calendar,कॅलेंडर
mineral,खनिज
coming,येणाऱ्या
circle,मंडळ
fare,भाडे
blessing,आशीर्वाद
liberation,मुक्ती
steak,#VALUE!
liquid,द्रव
ecological,पर्यावरणीय
banana,केळी
catch,झेल
steadily,हळूवारपणे
blast,ब्लास्ट
nonprofit,नानफा
mobile,मोबाईल
straw,पेंढा
projection,प्रोजेक्शन
rubber,रबर
overnight,#VALUE!
neighboring,शेजारील
enact,कायदे करा
favorable,अनुकूल
severely,कठोरपणे
demographic,डेमोग्राफिक
terrain,भूप्रदेश
explicit,स्पष्ट
integrated,समाकलित
terribly,भयानक
veteran,अनुभवी
level,स्तर
sofa,सोफा
screw,स्क्रू
shield,ढाल
invention,शोध
Iraqi,इराकी
perceived,ज्ञात
leave,सोडा
cruel,क्रूर
bomber,बॉम्बर
provoke,चिथावणी द्या
autonomy,#VALUE!
publishing,प्रकाशन
retreat,माघार
theology,ब्रह्मज्ञान
substantially,भरीव
mansion,हवेली
developmental,#VALUE!
one-third,एक तृतीयांश
transmit,प्रसारण
contemplate,चिंतन
authorize,अधिकृत करा
mathematics,गणित
battle,लढाई
old-fashioned,जुन्या काळातील
lawmaker,खासदार
threshold,उंबरठा
radar,रडार
seldom,क्वचितच
low,निम्न
headache,डोकेदुखी
rental,भाडे
spy,हेर
patron,संरक्षक
driveway,ड्राईवे
till,पर्यंत
broadcast,प्रसारण
overwhelm,भारावून
coordinate,समन्वय
vendor,विक्रेता
transport,वाहतूक
fragment,तुकडा
hammer,#VALUE!
seminar,सेमिनार
availability,उपलब्धता
peanut,शेंगदाणा
fantastic,विलक्षण
depart,निघून जा
permit,परवानगी
cottage,कॉटेज
specify,निर्दिष्ट करा
frustrate,निराश
disturbing,त्रासदायक
artifact,कलाकृती
basin,बेसिन
regain,पुन्हा मिळवा
grape,द्राक्षे
ego,अहंकार
sometime,कधीतरी
organized,संघटित
charm,मोहिनी
sweater,स्वेटर
rim,रिम
speculate,सट्टा
delight,आनंद
fatigue,थकवा
devastating,विनाशकारी
instructional,सूचना
plea,विनंती
tourism,पर्यटन
crowd,गर्दी
warmth,कळकळ
jurisdiction,कार्यक्षेत्र
update,अद्यतन
accusation,आरोप
diagram,आकृती
middle-class,मध्यमवर्ग
graduation,पदवी
mention,उल्लेख
beyond,पलीकडे
within,आत
spark,ठिणगी
convenience,सोयी
chill,थंडगार
economically,आर्थिकदृष्ट्या
undergraduate,पदवीधर
dictate,हुकूम
regulator,नियामक
defender,डिफेंडर
workout,व्यायाम
accurately,अचूकपणे
tile,टाइल
foreigner,परदेशी
importantly,महत्त्वाचे
citizenship,नागरिकत्व
plaza,प्लाझा
devise,तयार करा
premium,प्रीमियम
chemistry,रसायनशास्त्र
bureaucracy,#VALUE!
inherent,अंतर्निहित
hazard,धोका
swell,सूज
bride,वधू
bow,#VALUE!
processor,प्रोसेसर
bucket,बादली
timber,लाकूड
feminist,स्त्रीवादी
till,पर्यंत
tumor,#VALUE!
apology,दिलगिरी
screening,#VALUE!
arrow,बाण
marker,मार्कर
sunny,सनी
technician,तंत्रज्ञ
homework,गृहपाठ
fog,धुके
soak,भिजवा
mortality,मृत्यू दर
flying,उड्डाण करणारे हवाई परिवहन
accountability,उत्तरदायित्व
skilled,कुशल
straighten,सरळ करा
sprinkle,शिंपडा
cue,क्यू
epidemic,साथरोग
articulate,अभिव्यक्ती
rehabilitation,पुनर्वसन
diplomat,मुत्सद्दी
ribbon,रिबन
transit,संक्रमण
militia,मिलिशिया
kneel,गुडघे टेकले
seller,विक्रेता
fatal,प्राणघातक
twist,पिळणे
compelling,आकर्षक
praise,स्तुती
copy,कॉपी
well-being,कल्याण
laundry,कपडे धुऊन मिळण्याचे ठिकाण
screen,स्क्रीन
confession,कबुली
twentieth,विसाव्या
dense,घनदाट
accelerate,गती वाढवा
tribute,श्रद्धांजली
smoking,धूम्रपान
aboard,जहाजात
marble,संगमरवरी
entertain,मनोरंजन
boring,कंटाळवाणा
scrutiny,छाननी
bizarre,विचित्र
bargain,सौदा
deeper,सखोल
drown,#VALUE!
biography,चरित्र
naval,नौदल
nationwide,देशभरात
skeptical,संशयी
shorts,शॉर्ट्स
lens,लेन्स
spit,थुंकणे
sexuality,लैंगिकता
rape,बलात्कार
warehouse,गोदाम
paradise,नंदनवन
nominate,नामांकन
developed,विकसित
campaign,#VALUE!
unfortunate,दुर्दैवी
grandchild,नातवंडे
tenure,कार्यकाळ
preach,उपदेश
slot,स्लॉट
stereotype,स्टिरिओटाइप
bulb,#VALUE!
weave,विणणे
merger,विलीनीकरण
inadequate,अपुरे
objective,उद्दीष्ट
electronics,इलेक्ट्रॉनिक्स
trim,ट्रिम